membrane;Thickness;Conductivity;Contact angle;hydrophilic pores;Volumetric porosity;Zeta-potential;Ra;Rz;Porosity FL; Macropores FL;Peptides;R1 A-;R2 A-;R3 A-;R1 C+;R2 C+;R3 C+;length_peptide;mol_weight;isoelectric_point;GRAVY;netCharge_at_pH7.0;m/z_at_pH7.0;avg_hydro;aromaticity;instability_index;avg_num_hacceptors;avg_num_hdonors;NumRotatableBonds;Hall Kier Alpha;Kappa 1;avg_NumRings;Fraction CSP3;TPSA;CrippenClogP;Hydro R;Basic R;Acidic R;Polar R;A;C;D;E;F;G;H;I;K;L;M;N;P;Q;R;S;T;V;W;Y;bend_percent;turn_percent
PVDF800;201.5555556;5.673993579;74;38.45683554;0.607510031;-31.17383333;1.552;14.56666667;0.471390661;95.7841569;YKKYLL;0;0;0;0;0;0;6;827.037;9.528249931;-0.466666667;1.990295091;415.534864;-0.36;0.333333333;8.333333333;1.833333333;1.833333333;4.5;-0.876666667;8.314135085;0.333333333;0.095238095;50.22;0.178183333;0.333333333;0.333333333;0;0.333333333;0;0;0;0;0;0;0;0;0.333333333;0.333333333;0;0;0;0;0;0;0;0;0;0.333333333;0.166666667;0
PVDF800;201.5555556;5.673993579;74;38.45683554;0.607510031;-31.17383333;1.552;14.56666667;0.471390661;95.7841569;PMHIR;0;0;0;4.520433603;12.74036511;18.84963767;5;652.823;10.18092785;-0.58;1.098573525;594.2460702;-0.79;0;195.36;1.8;2;4;-0.772;7.465518169;0.4;0.135714286;51.262;-0.241906;0.6;0.4;0;0;0;0;0;0;0;0;0.2;0.2;0;0;0.2;0;0.2;0;0.2;0;0;0;0;0;0;0
PVDF800;201.5555556;5.673993579;74;38.45683554;0.607510031;-31.17383333;1.552;14.56666667;0.471390661;95.7841569;ALPHMIR;0;0;0;2.815007077;8.007623838;11.7902352;7;837.062;9.800370979;0.385714286;1.096787073;763.1946262;0.89;0;36.08571429;1.571428571;1.571428571;3.571428571;-0.702857143;7.032365901;0.285714286;0.1003861;45.67285714;-0.156061429;0.714285714;0.285714286;0;0;0.142857143;0;0;0;0;0;0.142857143;0.142857143;0;0.142857143;0.142857143;0;0.142857143;0;0.142857143;0;0;0;0;0;0.285714286;0
PVDF800;201.5555556;5.673993579;74;38.45683554;0.607510031;-31.17383333;1.552;14.56666667;0.471390661;95.7841569;LIVTQTMK;0;0;0;4.854514398;12.5182845;17.67878821;8;933.184;8.750052071;0.7;0.997347388;935.6659587;1.71;0;-21.9;1.75;1.625;4;-0.5725;7.4275;0;0.097560976;47.07375;-0.3188375;0.5;0.125;0;0.375;0;0;0;0;0;0;0;0.125;0.125;0.125;0.125;0;0;0.125;0;0;0.25;0.125;0;0;0;0
PVDF800;201.5555556;5.673993579;74;38.45683554;0.607510031;-31.17383333;1.552;14.56666667;0.471390661;95.7841569; IPAVFK;0;0;0;3.303292558;8.90452921;12.43776043;6;673.856;8.750052071;1.3;0.997768041;675.3633837;2.89;0.166666667;10.58333333;1.333333333;1.166666667;3.166666667;-0.673333333;6.689326186;0.333333333;0.107843137;37.675;0.070366667;0.833333333;0.166666667;0;0;0.166666667;0;0;0;0.166666667;0;0;0.166666667;0.166666667;0;0;0;0.166666667;0;0;0;0;0.166666667;0;0;;
PVDF800;201.5555556;5.673993579;74;38.45683554;0.607510031;-31.17383333;1.552;14.56666667;0.471390661;95.7841569;ALPMHIRLSFNPTQ;0;0;0;5.090833212;15.12464605;29.41750797;14;1624.934;9.800370979;-0.057142857;1.096787073;1481.540073;1.4;0.071428571;82.51428571;1.571428571;1.5;3.5;-0.753571429;6.844394809;0.285714286;0.045988258;45.80428571;-0.384987857;0.571428571;0.142857143;0;0.285714286;0.071428571;0;0;0;0.071428571;0;0.071428571;0.071428571;0;0.142857143;0.071428571;0.071428571;0.142857143;0.071428571;0.071428571;0.071428571;0.071428571;0;0;0;0;0
PVDF800;201.5555556;5.673993579;74;38.45683554;0.607510031;-31.17383333;1.552;14.56666667;0.471390661;95.7841569;TKIPAVFK;0;0;0;2.749194961;7.232736445;11.88955468;8;903.136;10.00054531;0.4;1.991810142;453.4247421;1.34;0.125;-0.175;1.5;1.375;3.5;-0.6475;6.869077091;0.25;0.085227273;41.3125;-0.1373;0.625;0.25;0;0.125;0.125;0;0;0;0.125;0;0;0.125;0.25;0;0;0;0.125;0;0;0;0.125;0.125;0;0;0;0
PVDF800;201.5555556;5.673993579;74;38.45683554;0.607510031;-31.17383333;1.552;14.56666667;0.471390661;95.7841569;PMHI;0;0;0;0;0;0;4;496.634;7.170886803;0.4;0.098584953;5037.624734;1.74;0;241.7;1.75;1.5;3.5;-0.65;6.910775796;0.5;0.170454545;41.3275;0.0106;0.75;0.25;0;0;0;0;0;0;0;0;0.25;0.25;0;0;0.25;0;0.25;0;0;0;0;0;0;0;0;0
PVDF800;201.5555556;5.673993579;74;38.45683554;0.607510031;-31.17383333;1.552;14.56666667;0.471390661;95.7841569;ALPMHI;0;0;0;0;0;0;6;680.873;6.786086845;1.2;0.096798501;7033.920887;3.42;0;196.5666667;1.5;1.166666667;3.166666667;-0.61;6.586398241;0.333333333;0.11827957;38.11833333;0.026583333;0.833333333;0.166666667;0;0;0.166666667;0;0;0;0;0;0.166666667;0.166666667;0;0.166666667;0.166666667;0;0.166666667;0;0;0;0;0;0;0;0;0
PVDF800;201.5555556;5.673993579;74;38.45683554;0.607510031;-31.17383333;1.552;14.56666667;0.471390661;95.7841569;VGINYWLAHK;0;0;0;3.9472028;11.98281134;14.32088411;10;1200.41;8.56979847;0.11;1.095422645;1095.84187;3.01;0.2;9.18;1.5;1.6;3.6;-0.892;6.957201548;0.4;0.051724138;45.903;-0.11965;0.6;0.2;0;0.2;0.1;0;0;0;0;0.1;0.1;0.1;0.1;0.1;0;0.1;0;0;0;0;0;0.1;0.1;0.1;0;0
PVDF800;201.5555556;5.673993579;74;38.45683554;0.607510031;-31.17383333;1.552;14.56666667;0.471390661;95.7841569;TKIPAVF;0;0;0;0;0;0;7;774.961;8.410110283;1.014285714;0.991963922;781.2390982;2.84;0.142857143;19.84285714;1.428571429;1.285714286;3.142857143;-0.658571429;6.649165385;0.285714286;0.093984962;39.34;-0.101742857;0.714285714;0.142857143;0;0.142857143;0.142857143;0;0;0;0.142857143;0;0;0.142857143;0.142857143;0;0;0;0.142857143;0;0;0;0.142857143;0.142857143;0;0;0;0
CF55;475.6;20.81033333;21.33333333;97.70422311;0.651092317;-8.8789;1.814;15.283;0.651092317;55.91473362;YKKYLL;0;0;0;0;0;0;6;827.037;9.528249931;-0.466666667;1.990295091;415.534864;-0.36;0.333333333;8.333333333;1.833333333;1.833333333;4.5;-0.876666667;8.314135085;0.333333333;0.095238095;50.22;0.178183333;0.333333333;0.333333333;0;0.333333333;0;0;0;0;0;0;0;0;0.333333333;0.333333333;0;0;0;0;0;0;0;0;0;0.333333333;0.166666667;0
CF55;475.6;20.81033333;21.33333333;97.70422311;0.651092317;-8.8789;1.814;15.283;0.651092317;55.91473362;PMHIR;0;0;0;8.547157056;15.56803179;3.29595742;5;652.823;10.18092785;-0.58;1.098573525;594.2460702;-0.79;0;195.36;1.8;2;4;-0.772;7.465518169;0.4;0.135714286;51.262;-0.241906;0.6;0.4;0;0;0;0;0;0;0;0;0.2;0.2;0;0;0.2;0;0.2;0;0.2;0;0;0;0;0;0;0
CF55;475.6;20.81033333;21.33333333;97.70422311;0.651092317;-8.8789;1.814;15.283;0.651092317;55.91473362;ALPHMIR;0;0;0;5.404157815;10.28186299;2.228655889;7;837.062;9.800370979;0.385714286;1.096787073;763.1946262;0.89;0;36.08571429;1.571428571;1.571428571;3.571428571;-0.702857143;7.032365901;0.285714286;0.1003861;45.67285714;-0.156061429;0.714285714;0.285714286;0;0;0.142857143;0;0;0;0;0;0.142857143;0.142857143;0;0.142857143;0.142857143;0;0.142857143;0;0.142857143;0;0;0;0;0;0.285714286;0
CF55;475.6;20.81033333;21.33333333;97.70422311;0.651092317;-8.8789;1.814;15.283;0.651092317;55.91473362;LIVTQTMK;0;0;0;9.336870958;15.85119279;3.29973086;8;933.184;8.750052071;0.7;0.997347388;935.6659587;1.71;0;-21.9;1.75;1.625;4;-0.5725;7.4275;0;0.097560976;47.07375;-0.3188375;0.5;0.125;0;0.375;0;0;0;0;0;0;0;0.125;0.125;0.125;0.125;0;0;0.125;0;0;0.25;0.125;0;0;0;0
CF55;475.6;20.81033333;21.33333333;97.70422311;0.651092317;-8.8789;1.814;15.283;0.651092317;55.91473362; IPAVFK;0;0;0;6.337384083;11.26368437;2.472038612;6;673.856;8.750052071;1.3;0.997768041;675.3633837;2.89;0.166666667;10.58333333;1.333333333;1.166666667;3.166666667;-0.673333333;6.689326186;0.333333333;0.107843137;37.675;0.070366667;0.833333333;0.166666667;0;0;0.166666667;0;0;0;0.166666667;0;0;0.166666667;0.166666667;0;0;0;0.166666667;0;0;0;0;0.166666667;0;0;;
CF55;475.6;20.81033333;21.33333333;97.70422311;0.651092317;-8.8789;1.814;15.283;0.651092317;55.91473362;ALPMHIRLSFNPTQ;0;0;0;10.41810119;15.23567612;2.139314429;14;1624.934;9.800370979;-0.057142857;1.096787073;1481.540073;1.4;0.071428571;82.51428571;1.571428571;1.5;3.5;-0.753571429;6.844394809;0.285714286;0.045988258;45.80428571;-0.384987857;0.571428571;0.142857143;0;0.285714286;0.071428571;0;0;0;0.071428571;0;0.071428571;0.071428571;0;0.142857143;0.071428571;0.071428571;0.142857143;0.071428571;0.071428571;0.071428571;0.071428571;0;0;0;0;0
CF55;475.6;20.81033333;21.33333333;97.70422311;0.651092317;-8.8789;1.814;15.283;0.651092317;55.91473362;TKIPAVFK;0;0;0;5.367885267;10.18392601;2.225136571;8;903.136;10.00054531;0.4;1.991810142;453.4247421;1.34;0.125;-0.175;1.5;1.375;3.5;-0.6475;6.869077091;0.25;0.085227273;41.3125;-0.1373;0.625;0.25;0;0.125;0.125;0;0;0;0.125;0;0;0.125;0.25;0;0;0;0.125;0;0;0;0.125;0.125;0;0;0;0
CF55;475.6;20.81033333;21.33333333;97.70422311;0.651092317;-8.8789;1.814;15.283;0.651092317;55.91473362;PMHI;0;0;0;0;0;0;4;496.634;7.170886803;0.4;0.098584953;5037.624734;1.74;0;241.7;1.75;1.5;3.5;-0.65;6.910775796;0.5;0.170454545;41.3275;0.0106;0.75;0.25;0;0;0;0;0;0;0;0;0.25;0.25;0;0;0.25;0;0.25;0;0;0;0;0;0;0;0;0
CF55;475.6;20.81033333;21.33333333;97.70422311;0.651092317;-8.8789;1.814;15.283;0.651092317;55.91473362;ALPMHI;0;0;0;0;0;0;6;680.873;6.786086845;1.2;0.096798501;7033.920887;3.42;0;196.5666667;1.5;1.166666667;3.166666667;-0.61;6.586398241;0.333333333;0.11827957;38.11833333;0.026583333;0.833333333;0.166666667;0;0;0.166666667;0;0;0;0;0;0.166666667;0.166666667;0;0.166666667;0.166666667;0;0.166666667;0;0;0;0;0;0;0;0;0
CF55;475.6;20.81033333;21.33333333;97.70422311;0.651092317;-8.8789;1.814;15.283;0.651092317;55.91473362;VGINYWLAHK;0;0;0;7.569792343;16.84692936;3.277399027;10;1200.41;8.56979847;0.11;1.095422645;1095.84187;3.01;0.2;9.18;1.5;1.6;3.6;-0.892;6.957201548;0.4;0.051724138;45.903;-0.11965;0.6;0.2;0;0.2;0.1;0;0;0;0;0.1;0.1;0.1;0.1;0.1;0;0.1;0;0;0;0;0;0.1;0.1;0.1;0;0
CF55;475.6;20.81033333;21.33333333;97.70422311;0.651092317;-8.8789;1.814;15.283;0.651092317;55.91473362;TKIPAVF;0;0;0;0;0;0;7;774.961;8.410110283;1.014285714;0.991963922;781.2390982;2.84;0.142857143;19.84285714;1.428571429;1.285714286;3.142857143;-0.658571429;6.649165385;0.285714286;0.093984962;39.34;-0.101742857;0.714285714;0.142857143;0;0.142857143;0.142857143;0;0;0;0.142857143;0;0;0.142857143;0.142857143;0;0;0;0.142857143;0;0;0;0.142857143;0.142857143;0;0;0;0
S11;636.1333333;16.73333333;34.5;97.3830488;0.66762005;-7.438766667;1.337333333;21.707;0.66762005;25.81708328;YKKYLL;0;0;0;0;0;0;6;827.037;9.528249931;-0.466666667;1.990295091;415.534864;-0.36;0.333333333;8.333333333;1.833333333;1.833333333;4.5;-0.876666667;8.314135085;0.333333333;0.095238095;50.22;0.178183333;0.333333333;0.333333333;0;0.333333333;0;0;0;0;0;0;0;0;0.333333333;0.333333333;0;0;0;0;0;0;0;0;0;0.333333333;0.166666667;0
S11;636.1333333;16.73333333;34.5;97.3830488;0.66762005;-7.438766667;1.337333333;21.707;0.66762005;25.81708328;PMHIR;0;0;0;6.413105588;5.559242547;5.670126304;5;652.823;10.18092785;-0.58;1.098573525;594.2460702;-0.79;0;195.36;1.8;2;4;-0.772;7.465518169;0.4;0.135714286;51.262;-0.241906;0.6;0.4;0;0;0;0;0;0;0;0;0.2;0.2;0;0;0.2;0;0.2;0;0.2;0;0;0;0;0;0;0
S11;636.1333333;16.73333333;34.5;97.3830488;0.66762005;-7.438766667;1.337333333;21.707;0.66762005;25.81708328;ALPHMIR;0;0;0;4.514809805;3.90297816;4.040522499;7;837.062;9.800370979;0.385714286;1.096787073;763.1946262;0.89;0;36.08571429;1.571428571;1.571428571;3.571428571;-0.702857143;7.032365901;0.285714286;0.1003861;45.67285714;-0.156061429;0.714285714;0.285714286;0;0;0.142857143;0;0;0;0;0;0.142857143;0.142857143;0;0.142857143;0.142857143;0;0.142857143;0;0.142857143;0;0;0;0;0;0.285714286;0
S11;636.1333333;16.73333333;34.5;97.3830488;0.66762005;-7.438766667;1.337333333;21.707;0.66762005;25.81708328;LIVTQTMK;0;0;0;5.528734031;5.147703672;4.940263471;8;933.184;8.750052071;0.7;0.997347388;935.6659587;1.71;0;-21.9;1.75;1.625;4;-0.5725;7.4275;0;0.097560976;47.07375;-0.3188375;0.5;0.125;0;0.375;0;0;0;0;0;0;0;0.125;0.125;0.125;0.125;0;0;0.125;0;0;0.25;0.125;0;0;0;0
S11;636.1333333;16.73333333;34.5;97.3830488;0.66762005;-7.438766667;1.337333333;21.707;0.66762005;25.81708328; IPAVFK;0;0;0;4.773591255;4.160741532;4.272677086;6;673.856;8.750052071;1.3;0.997768041;675.3633837;2.89;0.166666667;10.58333333;1.333333333;1.166666667;3.166666667;-0.673333333;6.689326186;0.333333333;0.107843137;37.675;0.070366667;0.833333333;0.166666667;0;0;0.166666667;0;0;0;0.166666667;0;0;0.166666667;0.166666667;0;0;0;0.166666667;0;0;0;0;0.166666667;0;0;;
S11;636.1333333;16.73333333;34.5;97.3830488;0.66762005;-7.438766667;1.337333333;21.707;0.66762005;25.81708328;ALPMHIRLSFNPTQ;0;0;0;0;0;0;14;1624.934;9.800370979;-0.057142857;1.096787073;1481.540073;1.4;0.071428571;82.51428571;1.571428571;1.5;3.5;-0.753571429;6.844394809;0.285714286;0.045988258;45.80428571;-0.384987857;0.571428571;0.142857143;0;0.285714286;0.071428571;0;0;0;0.071428571;0;0.071428571;0.071428571;0;0.142857143;0.071428571;0.071428571;0.142857143;0.071428571;0.071428571;0.071428571;0.071428571;0;0;0;0;0
S11;636.1333333;16.73333333;34.5;97.3830488;0.66762005;-7.438766667;1.337333333;21.707;0.66762005;25.81708328;TKIPAVFK;0;0;0;5.464592068;4.473080284;4.4774526;8;903.136;10.00054531;0.4;1.991810142;453.4247421;1.34;0.125;-0.175;1.5;1.375;3.5;-0.6475;6.869077091;0.25;0.085227273;41.3125;-0.1373;0.625;0.25;0;0.125;0.125;0;0;0;0.125;0;0;0.125;0.25;0;0;0;0.125;0;0;0;0.125;0.125;0;0;0;0
S11;636.1333333;16.73333333;34.5;97.3830488;0.66762005;-7.438766667;1.337333333;21.707;0.66762005;25.81708328;PMHI;0;0;0;0;0;0;4;496.634;7.170886803;0.4;0.098584953;5037.624734;1.74;0;241.7;1.75;1.5;3.5;-0.65;6.910775796;0.5;0.170454545;41.3275;0.0106;0.75;0.25;0;0;0;0;0;0;0;0;0.25;0.25;0;0;0.25;0;0.25;0;0;0;0;0;0;0;0;0
S11;636.1333333;16.73333333;34.5;97.3830488;0.66762005;-7.438766667;1.337333333;21.707;0.66762005;25.81708328;ALPMHI;0;0;0;0;0;0;6;680.873;6.786086845;1.2;0.096798501;7033.920887;3.42;0;196.5666667;1.5;1.166666667;3.166666667;-0.61;6.586398241;0.333333333;0.11827957;38.11833333;0.026583333;0.833333333;0.166666667;0;0;0.166666667;0;0;0;0;0;0.166666667;0.166666667;0;0.166666667;0.166666667;0;0.166666667;0;0;0;0;0;0;0;0;0
S11;636.1333333;16.73333333;34.5;97.3830488;0.66762005;-7.438766667;1.337333333;21.707;0.66762005;25.81708328;VGINYWLAHK;0;0;0;8.602042757;6.217034476;6.631842928;10;1200.41;8.56979847;0.11;1.095422645;1095.84187;3.01;0.2;9.18;1.5;1.6;3.6;-0.892;6.957201548;0.4;0.051724138;45.903;-0.11965;0.6;0.2;0;0.2;0.1;0;0;0;0;0.1;0.1;0.1;0.1;0.1;0;0.1;0;0;0;0;0;0.1;0.1;0.1;0;0
S11;636.1333333;16.73333333;34.5;97.3830488;0.66762005;-7.438766667;1.337333333;21.707;0.66762005;25.81708328;TKIPAVF;0;0;0;6.248010632;4.980386155;4.996268982;7;774.961;8.410110283;1.014285714;0.991963922;781.2390982;2.84;0.142857143;19.84285714;1.428571429;1.285714286;3.142857143;-0.658571429;6.649165385;0.285714286;0.093984962;39.34;-0.101742857;0.714285714;0.142857143;0;0.142857143;0.142857143;0;0;0;0.142857143;0;0;0.142857143;0.142857143;0;0;0;0.142857143;0;0;0;0.142857143;0.142857143;0;0;0;0
S11N+;613.1333333;15.1;38;97.52283303;0.586355975;0.327566667;2.027666667;40.59466667;0.586355975;31.21890723;YKKYLL;0;0;0;0;0;0;6;827.037;9.528249931;-0.466666667;1.990295091;415.534864;-0.36;0.333333333;8.333333333;1.833333333;1.833333333;4.5;-0.876666667;8.314135085;0.333333333;0.095238095;50.22;0.178183333;0.333333333;0.333333333;0;0.333333333;0;0;0;0;0;0;0;0;0.333333333;0.333333333;0;0;0;0;0;0;0;0;0;0.333333333;0.166666667;0
S11N+;613.1333333;15.1;38;97.52283303;0.586355975;0.327566667;2.027666667;40.59466667;0.586355975;31.21890723;PMHIR;0;0;0;0;0;0;5;652.823;10.18092785;-0.58;1.098573525;594.2460702;-0.79;0;195.36;1.8;2;4;-0.772;7.465518169;0.4;0.135714286;51.262;-0.241906;0.6;0.4;0;0;0;0;0;0;0;0;0.2;0.2;0;0;0.2;0;0.2;0;0.2;0;0;0;0;0;0;0
S11N+;613.1333333;15.1;38;97.52283303;0.586355975;0.327566667;2.027666667;40.59466667;0.586355975;31.21890723;ALPHMIR;0;0;0;0;0;0;7;837.062;9.800370979;0.385714286;1.096787073;763.1946262;0.89;0;36.08571429;1.571428571;1.571428571;3.571428571;-0.702857143;7.032365901;0.285714286;0.1003861;45.67285714;-0.156061429;0.714285714;0.285714286;0;0;0.142857143;0;0;0;0;0;0.142857143;0.142857143;0;0.142857143;0.142857143;0;0.142857143;0;0.142857143;0;0;0;0;0;0.285714286;0
S11N+;613.1333333;15.1;38;97.52283303;0.586355975;0.327566667;2.027666667;40.59466667;0.586355975;31.21890723;LIVTQTMK;0;0;0;0;0;0;8;933.184;8.750052071;0.7;0.997347388;935.6659587;1.71;0;-21.9;1.75;1.625;4;-0.5725;7.4275;0;0.097560976;47.07375;-0.3188375;0.5;0.125;0;0.375;0;0;0;0;0;0;0;0.125;0.125;0.125;0.125;0;0;0.125;0;0;0.25;0.125;0;0;0;0
S11N+;613.1333333;15.1;38;97.52283303;0.586355975;0.327566667;2.027666667;40.59466667;0.586355975;31.21890723; IPAVFK;0;0;0;0;0;0;6;673.856;8.750052071;1.3;0.997768041;675.3633837;2.89;0.166666667;10.58333333;1.333333333;1.166666667;3.166666667;-0.673333333;6.689326186;0.333333333;0.107843137;37.675;0.070366667;0.833333333;0.166666667;0;0;0.166666667;0;0;0;0.166666667;0;0;0.166666667;0.166666667;0;0;0;0.166666667;0;0;0;0;0.166666667;0;0;;
S11N+;613.1333333;15.1;38;97.52283303;0.586355975;0.327566667;2.027666667;40.59466667;0.586355975;31.21890723;ALPMHIRLSFNPTQ;0;0;0;0;0;0;14;1624.934;9.800370979;-0.057142857;1.096787073;1481.540073;1.4;0.071428571;82.51428571;1.571428571;1.5;3.5;-0.753571429;6.844394809;0.285714286;0.045988258;45.80428571;-0.384987857;0.571428571;0.142857143;0;0.285714286;0.071428571;0;0;0;0.071428571;0;0.071428571;0.071428571;0;0.142857143;0.071428571;0.071428571;0.142857143;0.071428571;0.071428571;0.071428571;0.071428571;0;0;0;0;0
S11N+;613.1333333;15.1;38;97.52283303;0.586355975;0.327566667;2.027666667;40.59466667;0.586355975;31.21890723;TKIPAVFK;0;0;0;0;0;0;8;903.136;10.00054531;0.4;1.991810142;453.4247421;1.34;0.125;-0.175;1.5;1.375;3.5;-0.6475;6.869077091;0.25;0.085227273;41.3125;-0.1373;0.625;0.25;0;0.125;0.125;0;0;0;0.125;0;0;0.125;0.25;0;0;0;0.125;0;0;0;0.125;0.125;0;0;0;0
S11N+;613.1333333;15.1;38;97.52283303;0.586355975;0.327566667;2.027666667;40.59466667;0.586355975;31.21890723;PMHI;0;0;0;0;0;0;4;496.634;7.170886803;0.4;0.098584953;5037.624734;1.74;0;241.7;1.75;1.5;3.5;-0.65;6.910775796;0.5;0.170454545;41.3275;0.0106;0.75;0.25;0;0;0;0;0;0;0;0;0.25;0.25;0;0;0.25;0;0.25;0;0;0;0;0;0;0;0;0
S11N+;613.1333333;15.1;38;97.52283303;0.586355975;0.327566667;2.027666667;40.59466667;0.586355975;31.21890723;ALPMHI;0;0;0;0;0;0;6;680.873;6.786086845;1.2;0.096798501;7033.920887;3.42;0;196.5666667;1.5;1.166666667;3.166666667;-0.61;6.586398241;0.333333333;0.11827957;38.11833333;0.026583333;0.833333333;0.166666667;0;0;0.166666667;0;0;0;0;0;0.166666667;0.166666667;0;0.166666667;0.166666667;0;0.166666667;0;0;0;0;0;0;0;0;0
S11N+;613.1333333;15.1;38;97.52283303;0.586355975;0.327566667;2.027666667;40.59466667;0.586355975;31.21890723;VGINYWLAHK;0;0;0;0;0;0;10;1200.41;8.56979847;0.11;1.095422645;1095.84187;3.01;0.2;9.18;1.5;1.6;3.6;-0.892;6.957201548;0.4;0.051724138;45.903;-0.11965;0.6;0.2;0;0.2;0.1;0;0;0;0;0.1;0.1;0.1;0.1;0.1;0;0.1;0;0;0;0;0;0.1;0.1;0.1;0;0
S11N+;613.1333333;15.1;38;97.52283303;0.586355975;0.327566667;2.027666667;40.59466667;0.586355975;31.21890723;TKIPAVF;0;0;0;0;0;0;7;774.961;8.410110283;1.014285714;0.991963922;781.2390982;2.84;0.142857143;19.84285714;1.428571429;1.285714286;3.142857143;-0.658571429;6.649165385;0.285714286;0.093984962;39.34;-0.101742857;0.714285714;0.142857143;0;0.142857143;0.142857143;0;0;0;0.142857143;0;0;0.142857143;0.142857143;0;0;0;0.142857143;0;0;0;0.142857143;0.142857143;0;0;0;0
S11SO3-;636.3;16.1349268;36;99.32264311;0.655406622;-5.7918;1.783333333;23.86633333;0.655406623;27.15800588;YKKYLL;0;0;0;0;0;0;6;827.037;9.528249931;-0.466666667;1.990295091;415.534864;-0.36;0.333333333;8.333333333;1.833333333;1.833333333;4.5;-0.876666667;8.314135085;0.333333333;0.095238095;50.22;0.178183333;0.333333333;0.333333333;0;0.333333333;0;0;0;0;0;0;0;0;0.333333333;0.333333333;0;0;0;0;0;0;0;0;0;0.333333333;0.166666667;0
S11SO3-;636.3;16.1349268;36;99.32264311;0.655406622;-5.7918;1.783333333;23.86633333;0.655406623;27.15800588;PMHIR;0;0;0;6.885223077;5.843600091;4.865949438;5;652.823;10.18092785;-0.58;1.098573525;594.2460702;-0.79;0;195.36;1.8;2;4;-0.772;7.465518169;0.4;0.135714286;51.262;-0.241906;0.6;0.4;0;0;0;0;0;0;0;0;0.2;0.2;0;0;0.2;0;0.2;0;0.2;0;0;0;0;0;0;0
S11SO3-;636.3;16.1349268;36;99.32264311;0.655406622;-5.7918;1.783333333;23.86633333;0.655406623;27.15800588;ALPHMIR;0;0;0;4.70610391;4.15382932;3.593081879;7;837.062;9.800370979;0.385714286;1.096787073;763.1946262;0.89;0;36.08571429;1.571428571;1.571428571;3.571428571;-0.702857143;7.032365901;0.285714286;0.1003861;45.67285714;-0.156061429;0.714285714;0.285714286;0;0;0.142857143;0;0;0;0;0;0.142857143;0.142857143;0;0.142857143;0.142857143;0;0.142857143;0;0.142857143;0;0;0;0;0;0.285714286;0
S11SO3-;636.3;16.1349268;36;99.32264311;0.655406622;-5.7918;1.783333333;23.86633333;0.655406623;27.15800588;LIVTQTMK;0;0;0;6.551866239;5.211221773;4.745907992;8;933.184;8.750052071;0.7;0.997347388;935.6659587;1.71;0;-21.9;1.75;1.625;4;-0.5725;7.4275;0;0.097560976;47.07375;-0.3188375;0.5;0.125;0;0.375;0;0;0;0;0;0;0;0.125;0.125;0.125;0.125;0;0;0.125;0;0;0.25;0.125;0;0;0;0
S11SO3-;636.3;16.1349268;36;99.32264311;0.655406622;-5.7918;1.783333333;23.86633333;0.655406623;27.15800588; IPAVFK;0;0;0;4.865046624;4.172580901;3.629701921;6;673.856;8.750052071;1.3;0.997768041;675.3633837;2.89;0.166666667;10.58333333;1.333333333;1.166666667;3.166666667;-0.673333333;6.689326186;0.333333333;0.107843137;37.675;0.070366667;0.833333333;0.166666667;0;0;0.166666667;0;0;0;0.166666667;0;0;0.166666667;0.166666667;0;0;0;0.166666667;0;0;0;0;0.166666667;0;0;;
S11SO3-;636.3;16.1349268;36;99.32264311;0.655406622;-5.7918;1.783333333;23.86633333;0.655406623;27.15800588;ALPMHIRLSFNPTQ;0;0;0;0;0;0;14;1624.934;9.800370979;-0.057142857;1.096787073;1481.540073;1.4;0.071428571;82.51428571;1.571428571;1.5;3.5;-0.753571429;6.844394809;0.285714286;0.045988258;45.80428571;-0.384987857;0.571428571;0.142857143;0;0.285714286;0.071428571;0;0;0;0.071428571;0;0.071428571;0.071428571;0;0.142857143;0.071428571;0.071428571;0.142857143;0.071428571;0.071428571;0.071428571;0.071428571;0;0;0;0;0
S11SO3-;636.3;16.1349268;36;99.32264311;0.655406622;-5.7918;1.783333333;23.86633333;0.655406623;27.15800588;TKIPAVFK;0;0;0;5.465819997;4.61684991;4.180413784;8;903.136;10.00054531;0.4;1.991810142;453.4247421;1.34;0.125;-0.175;1.5;1.375;3.5;-0.6475;6.869077091;0.25;0.085227273;41.3125;-0.1373;0.625;0.25;0;0.125;0.125;0;0;0;0.125;0;0;0.125;0.25;0;0;0;0.125;0;0;0;0.125;0.125;0;0;0;0
S11SO3-;636.3;16.1349268;36;99.32264311;0.655406622;-5.7918;1.783333333;23.86633333;0.655406623;27.15800588;PMHI;0;0;0;0;0;0;4;496.634;7.170886803;0.4;0.098584953;5037.624734;1.74;0;241.7;1.75;1.5;3.5;-0.65;6.910775796;0.5;0.170454545;41.3275;0.0106;0.75;0.25;0;0;0;0;0;0;0;0;0.25;0.25;0;0;0.25;0;0.25;0;0;0;0;0;0;0;0;0
S11SO3-;636.3;16.1349268;36;99.32264311;0.655406622;-5.7918;1.783333333;23.86633333;0.655406623;27.15800588;ALPMHI;0;0;0;0;0;0;6;680.873;6.786086845;1.2;0.096798501;7033.920887;3.42;0;196.5666667;1.5;1.166666667;3.166666667;-0.61;6.586398241;0.333333333;0.11827957;38.11833333;0.026583333;0.833333333;0.166666667;0;0;0.166666667;0;0;0;0;0;0.166666667;0.166666667;0;0.166666667;0.166666667;0;0.166666667;0;0;0;0;0;0;0;0;0
S11SO3-;636.3;16.1349268;36;99.32264311;0.655406622;-5.7918;1.783333333;23.86633333;0.655406623;27.15800588;VGINYWLAHK;0;0;0;7.283761188;6.410666567;5.934155815;10;1200.41;8.56979847;0.11;1.095422645;1095.84187;3.01;0.2;9.18;1.5;1.6;3.6;-0.892;6.957201548;0.4;0.051724138;45.903;-0.11965;0.6;0.2;0;0.2;0.1;0;0;0;0;0.1;0.1;0.1;0.1;0.1;0;0.1;0;0;0;0;0;0.1;0.1;0.1;0;0
S11SO3-;636.3;16.1349268;36;99.32264311;0.655406622;-5.7918;1.783333333;23.86633333;0.655406623;27.15800588;TKIPAVF;0;0;0;6.41852555;5.608420628;4.697830827;7;774.961;8.410110283;1.014285714;0.991963922;781.2390982;2.84;0.142857143;19.84285714;1.428571429;1.285714286;3.142857143;-0.658571429;6.649165385;0.285714286;0.093984962;39.34;-0.101742857;0.714285714;0.142857143;0;0.142857143;0.142857143;0;0;0;0.142857143;0;0;0.142857143;0.142857143;0;0;0;0.142857143;0;0;0;0.142857143;0.142857143;0;0;0;0
PES5;185.5666667;4.233333333;65.12679718;77.07037084;0.430999789;-14.77666667;1.003;7.3685;0.198038261;4.92350671;YKKYLL;0;0;0;0;0;0;6;827.037;9.528249931;-0.466666667;1.990295091;415.534864;-0.36;0.333333333;8.333333333;1.833333333;1.833333333;4.5;-0.876666667;8.314135085;0.333333333;0.095238095;50.22;0.178183333;0.333333333;0.333333333;0;0.333333333;0;0;0;0;0;0;0;0;0.333333333;0.333333333;0;0;0;0;0;0;0;0;0;0.333333333;0.166666667;0
PES5;185.5666667;4.233333333;65.12679718;77.07037084;0.430999789;-14.77666667;1.003;7.3685;0.198038261;4.92350671;PMHIR;0;0;0;0.918771366;1.01311754;0.92142122;5;652.823;10.18092785;-0.58;1.098573525;594.2460702;-0.79;0;195.36;1.8;2;4;-0.772;7.465518169;0.4;0.135714286;51.262;-0.241906;0.6;0.4;0;0;0;0;0;0;0;0;0.2;0.2;0;0;0.2;0;0.2;0;0.2;0;0;0;0;0;0;0
PES5;185.5666667;4.233333333;65.12679718;77.07037084;0.430999789;-14.77666667;1.003;7.3685;0.198038261;4.92350671;ALPHMIR;0;0;0;0.578317173;0.671613927;0.630958298;7;837.062;9.800370979;0.385714286;1.096787073;763.1946262;0.89;0;36.08571429;1.571428571;1.571428571;3.571428571;-0.702857143;7.032365901;0.285714286;0.1003861;45.67285714;-0.156061429;0.714285714;0.285714286;0;0;0.142857143;0;0;0;0;0;0.142857143;0.142857143;0;0.142857143;0.142857143;0;0.142857143;0;0.142857143;0;0;0;0;0;0.285714286;0
PES5;185.5666667;4.233333333;65.12679718;77.07037084;0.430999789;-14.77666667;1.003;7.3685;0.198038261;4.92350671;LIVTQTMK;0;0;0;0.408281762;0.457013422;0.323884052;8;933.184;8.750052071;0.7;0.997347388;935.6659587;1.71;0;-21.9;1.75;1.625;4;-0.5725;7.4275;0;0.097560976;47.07375;-0.3188375;0.5;0.125;0;0.375;0;0;0;0;0;0;0;0.125;0.125;0.125;0.125;0;0;0.125;0;0;0.25;0.125;0;0;0;0
PES5;185.5666667;4.233333333;65.12679718;77.07037084;0.430999789;-14.77666667;1.003;7.3685;0.198038261;4.92350671; IPAVFK;0;0;0;0.752879822;0.768154787;0.711509904;6;673.856;8.750052071;1.3;0.997768041;675.3633837;2.89;0.166666667;10.58333333;1.333333333;1.166666667;3.166666667;-0.673333333;6.689326186;0.333333333;0.107843137;37.675;0.070366667;0.833333333;0.166666667;0;0;0.166666667;0;0;0;0.166666667;0;0;0.166666667;0.166666667;0;0;0;0.166666667;0;0;0;0;0.166666667;0;0;;
PES5;185.5666667;4.233333333;65.12679718;77.07037084;0.430999789;-14.77666667;1.003;7.3685;0.198038261;4.92350671;ALPMHIRLSFNPTQ;0;0;0;0;0;0;14;1624.934;9.800370979;-0.057142857;1.096787073;1481.540073;1.4;0.071428571;82.51428571;1.571428571;1.5;3.5;-0.753571429;6.844394809;0.285714286;0.045988258;45.80428571;-0.384987857;0.571428571;0.142857143;0;0.285714286;0.071428571;0;0;0;0.071428571;0;0.071428571;0.071428571;0;0.142857143;0.071428571;0.071428571;0.142857143;0.071428571;0.071428571;0.071428571;0.071428571;0;0;0;0;0
PES5;185.5666667;4.233333333;65.12679718;77.07037084;0.430999789;-14.77666667;1.003;7.3685;0.198038261;4.92350671;TKIPAVFK;0;0;0;1.002798734;1.001044886;0.918768714;8;903.136;10.00054531;0.4;1.991810142;453.4247421;1.34;0.125;-0.175;1.5;1.375;3.5;-0.6475;6.869077091;0.25;0.085227273;41.3125;-0.1373;0.625;0.25;0;0.125;0.125;0;0;0;0.125;0;0;0.125;0.25;0;0;0;0.125;0;0;0;0.125;0.125;0;0;0;0
PES5;185.5666667;4.233333333;65.12679718;77.07037084;0.430999789;-14.77666667;1.003;7.3685;0.198038261;4.92350671;PMHI;0;0;0;2.17739382;2.172060321;2.111246106;4;496.634;7.170886803;0.4;0.098584953;5037.624734;1.74;0;241.7;1.75;1.5;3.5;-0.65;6.910775796;0.5;0.170454545;41.3275;0.0106;0.75;0.25;0;0;0;0;0;0;0;0;0.25;0.25;0;0;0.25;0;0.25;0;0;0;0;0;0;0;0;0
PES5;185.5666667;4.233333333;65.12679718;77.07037084;0.430999789;-14.77666667;1.003;7.3685;0.198038261;4.92350671;ALPMHI;0;0;0;0.469042232;0.511557455;0.483770946;6;680.873;6.786086845;1.2;0.096798501;7033.920887;3.42;0;196.5666667;1.5;1.166666667;3.166666667;-0.61;6.586398241;0.333333333;0.11827957;38.11833333;0.026583333;0.833333333;0.166666667;0;0;0.166666667;0;0;0;0;0;0.166666667;0.166666667;0;0.166666667;0.166666667;0;0.166666667;0;0;0;0;0;0;0;0;0
PES5;185.5666667;4.233333333;65.12679718;77.07037084;0.430999789;-14.77666667;1.003;7.3685;0.198038261;4.92350671;VGINYWLAHK;0;0;0;0.806947279;1.081540741;0.817727145;10;1200.41;8.56979847;0.11;1.095422645;1095.84187;3.01;0.2;9.18;1.5;1.6;3.6;-0.892;6.957201548;0.4;0.051724138;45.903;-0.11965;0.6;0.2;0;0.2;0.1;0;0;0;0;0.1;0.1;0.1;0.1;0.1;0;0.1;0;0;0;0;0;0.1;0.1;0.1;0;0
PES5;185.5666667;4.233333333;65.12679718;77.07037084;0.430999789;-14.77666667;1.003;7.3685;0.198038261;4.92350671;TKIPAVF;0;0;0;0;0;0;7;774.961;8.410110283;1.014285714;0.991963922;781.2390982;2.84;0.142857143;19.84285714;1.428571429;1.285714286;3.142857143;-0.658571429;6.649165385;0.285714286;0.093984962;39.34;-0.101742857;0.714285714;0.142857143;0;0.142857143;0.142857143;0;0;0;0.142857143;0;0;0.142857143;0.142857143;0;0;0;0.142857143;0;0;0;0.142857143;0.142857143;0;0;0;0
PES10;178.5333333;4.833333333;59.385;100;0.423564565;-9.62;0.781333333;5.4825;0.168537834;10.02382502;YKKYLL;0;0;0;0;0;0;6;827.037;9.528249931;-0.466666667;1.990295091;415.534864;-0.36;0.333333333;8.333333333;1.833333333;1.833333333;4.5;-0.876666667;8.314135085;0.333333333;0.095238095;50.22;0.178183333;0.333333333;0.333333333;0;0.333333333;0;0;0;0;0;0;0;0;0.333333333;0.333333333;0;0;0;0;0;0;0;0;0;0.333333333;0.166666667;0
PES10;178.5333333;4.833333333;59.385;100;0.423564565;-9.62;0.781333333;5.4825;0.168537834;10.02382502;PMHIR;0;0;0;0.935880938;1.05796047;1.059973048;5;652.823;10.18092785;-0.58;1.098573525;594.2460702;-0.79;0;195.36;1.8;2;4;-0.772;7.465518169;0.4;0.135714286;51.262;-0.241906;0.6;0.4;0;0;0;0;0;0;0;0;0.2;0.2;0;0;0.2;0;0.2;0;0.2;0;0;0;0;0;0;0
PES10;178.5333333;4.833333333;59.385;100;0.423564565;-9.62;0.781333333;5.4825;0.168537834;10.02382502;ALPHMIR;0;0;0;0.557000556;0.721015136;0.70560433;7;837.062;9.800370979;0.385714286;1.096787073;763.1946262;0.89;0;36.08571429;1.571428571;1.571428571;3.571428571;-0.702857143;7.032365901;0.285714286;0.1003861;45.67285714;-0.156061429;0.714285714;0.285714286;0;0;0.142857143;0;0;0;0;0;0.142857143;0.142857143;0;0.142857143;0.142857143;0;0.142857143;0;0.142857143;0;0;0;0;0;0.285714286;0
PES10;178.5333333;4.833333333;59.385;100;0.423564565;-9.62;0.781333333;5.4825;0.168537834;10.02382502;LIVTQTMK;0;0;0;0.613493117;0.540908899;0.578436735;8;933.184;8.750052071;0.7;0.997347388;935.6659587;1.71;0;-21.9;1.75;1.625;4;-0.5725;7.4275;0;0.097560976;47.07375;-0.3188375;0.5;0.125;0;0.375;0;0;0;0;0;0;0;0.125;0.125;0.125;0.125;0;0;0.125;0;0;0.25;0.125;0;0;0;0
PES10;178.5333333;4.833333333;59.385;100;0.423564565;-9.62;0.781333333;5.4825;0.168537834;10.02382502; IPAVFK;0;0;0;0.841348279;0.88575862;0.87798251;6;673.856;8.750052071;1.3;0.997768041;675.3633837;2.89;0.166666667;10.58333333;1.333333333;1.166666667;3.166666667;-0.673333333;6.689326186;0.333333333;0.107843137;37.675;0.070366667;0.833333333;0.166666667;0;0;0.166666667;0;0;0;0.166666667;0;0;0.166666667;0.166666667;0;0;0;0.166666667;0;0;0;0;0.166666667;0;0;;
PES10;178.5333333;4.833333333;59.385;100;0.423564565;-9.62;0.781333333;5.4825;0.168537834;10.02382502;ALPMHIRLSFNPTQ;0;0;0;0;0;0;14;1624.934;9.800370979;-0.057142857;1.096787073;1481.540073;1.4;0.071428571;82.51428571;1.571428571;1.5;3.5;-0.753571429;6.844394809;0.285714286;0.045988258;45.80428571;-0.384987857;0.571428571;0.142857143;0;0.285714286;0.071428571;0;0;0;0.071428571;0;0.071428571;0.071428571;0;0.142857143;0.071428571;0.071428571;0.142857143;0.071428571;0.071428571;0.071428571;0.071428571;0;0;0;0;0
PES10;178.5333333;4.833333333;59.385;100;0.423564565;-9.62;0.781333333;5.4825;0.168537834;10.02382502;TKIPAVFK;0;0;0;1.068606774;1.133488449;1.083331781;8;903.136;10.00054531;0.4;1.991810142;453.4247421;1.34;0.125;-0.175;1.5;1.375;3.5;-0.6475;6.869077091;0.25;0.085227273;41.3125;-0.1373;0.625;0.25;0;0.125;0.125;0;0;0;0.125;0;0;0.125;0.25;0;0;0;0.125;0;0;0;0.125;0.125;0;0;0;0
PES10;178.5333333;4.833333333;59.385;100;0.423564565;-9.62;0.781333333;5.4825;0.168537834;10.02382502;PMHI;0;0;0;3.751816083;2.525280494;2.39620031;4;496.634;7.170886803;0.4;0.098584953;5037.624734;1.74;0;241.7;1.75;1.5;3.5;-0.65;6.910775796;0.5;0.170454545;41.3275;0.0106;0.75;0.25;0;0;0;0;0;0;0;0;0.25;0.25;0;0;0.25;0;0.25;0;0;0;0;0;0;0;0;0
PES10;178.5333333;4.833333333;59.385;100;0.423564565;-9.62;0.781333333;5.4825;0.168537834;10.02382502;ALPMHI;0;0;0;0.873087844;0.598860805;0.550030627;6;680.873;6.786086845;1.2;0.096798501;7033.920887;3.42;0;196.5666667;1.5;1.166666667;3.166666667;-0.61;6.586398241;0.333333333;0.11827957;38.11833333;0.026583333;0.833333333;0.166666667;0;0;0.166666667;0;0;0;0;0;0.166666667;0.166666667;0;0.166666667;0.166666667;0;0.166666667;0;0;0;0;0;0;0;0;0
PES10;178.5333333;4.833333333;59.385;100;0.423564565;-9.62;0.781333333;5.4825;0.168537834;10.02382502;VGINYWLAHK;0;0;0;0.385268632;1.308738745;1.361608856;10;1200.41;8.56979847;0.11;1.095422645;1095.84187;3.01;0.2;9.18;1.5;1.6;3.6;-0.892;6.957201548;0.4;0.051724138;45.903;-0.11965;0.6;0.2;0;0.2;0.1;0;0;0;0;0.1;0.1;0.1;0.1;0.1;0;0.1;0;0;0;0;0;0.1;0.1;0.1;0;0
PES10;178.5333333;4.833333333;59.385;100;0.423564565;-9.62;0.781333333;5.4825;0.168537834;10.02382502;TKIPAVF;0;0;0;1.497747263;1.573464154;1.41962992;7;774.961;8.410110283;1.014285714;0.991963922;781.2390982;2.84;0.142857143;19.84285714;1.428571429;1.285714286;3.142857143;-0.658571429;6.649165385;0.285714286;0.093984962;39.34;-0.101742857;0.714285714;0.142857143;0;0.142857143;0.142857143;0;0;0;0.142857143;0;0;0.142857143;0.142857143;0;0;0;0.142857143;0;0;0;0.142857143;0.142857143;0;0;0;0
PES20;185.9333333;4.966666667;71.51062743;100;0.470025046;-13.59666667;1.173833333;10.2835;0.220271122;11.25324111;YKKYLL;0;0;0;0;0;0;6;827.037;9.528249931;-0.466666667;1.990295091;415.534864;-0.36;0.333333333;8.333333333;1.833333333;1.833333333;4.5;-0.876666667;8.314135085;0.333333333;0.095238095;50.22;0.178183333;0.333333333;0.333333333;0;0.333333333;0;0;0;0;0;0;0;0;0.333333333;0.333333333;0;0;0;0;0;0;0;0;0;0.333333333;0.166666667;0
PES20;185.9333333;4.966666667;71.51062743;100;0.470025046;-13.59666667;1.173833333;10.2835;0.220271122;11.25324111;PMHIR;0;0;0;1.111544133;1.164329007;1.161280327;5;652.823;10.18092785;-0.58;1.098573525;594.2460702;-0.79;0;195.36;1.8;2;4;-0.772;7.465518169;0.4;0.135714286;51.262;-0.241906;0.6;0.4;0;0;0;0;0;0;0;0;0.2;0.2;0;0;0.2;0;0.2;0;0.2;0;0;0;0;0;0;0
PES20;185.9333333;4.966666667;71.51062743;100;0.470025046;-13.59666667;1.173833333;10.2835;0.220271122;11.25324111;ALPHMIR;0;0;0;0.721320698;0.786309874;0.796311409;7;837.062;9.800370979;0.385714286;1.096787073;763.1946262;0.89;0;36.08571429;1.571428571;1.571428571;3.571428571;-0.702857143;7.032365901;0.285714286;0.1003861;45.67285714;-0.156061429;0.714285714;0.285714286;0;0;0.142857143;0;0;0;0;0;0.142857143;0.142857143;0;0.142857143;0.142857143;0;0.142857143;0;0.142857143;0;0;0;0;0;0.285714286;0
PES20;185.9333333;4.966666667;71.51062743;100;0.470025046;-13.59666667;1.173833333;10.2835;0.220271122;11.25324111;LIVTQTMK;0;0;0;0.666966009;0.817886525;0.665456386;8;933.184;8.750052071;0.7;0.997347388;935.6659587;1.71;0;-21.9;1.75;1.625;4;-0.5725;7.4275;0;0.097560976;47.07375;-0.3188375;0.5;0.125;0;0.375;0;0;0;0;0;0;0;0.125;0.125;0.125;0.125;0;0;0.125;0;0;0.25;0.125;0;0;0;0
PES20;185.9333333;4.966666667;71.51062743;100;0.470025046;-13.59666667;1.173833333;10.2835;0.220271122;11.25324111; IPAVFK;0;0;0;0.875629131;0.918304963;0.925301468;6;673.856;8.750052071;1.3;0.997768041;675.3633837;2.89;0.166666667;10.58333333;1.333333333;1.166666667;3.166666667;-0.673333333;6.689326186;0.333333333;0.107843137;37.675;0.070366667;0.833333333;0.166666667;0;0;0.166666667;0;0;0;0.166666667;0;0;0.166666667;0.166666667;0;0;0;0.166666667;0;0;0;0;0.166666667;0;0;;
PES20;185.9333333;4.966666667;71.51062743;100;0.470025046;-13.59666667;1.173833333;10.2835;0.220271122;11.25324111;ALPMHIRLSFNPTQ;0;0;0;0;0;0;14;1624.934;9.800370979;-0.057142857;1.096787073;1481.540073;1.4;0.071428571;82.51428571;1.571428571;1.5;3.5;-0.753571429;6.844394809;0.285714286;0.045988258;45.80428571;-0.384987857;0.571428571;0.142857143;0;0.285714286;0.071428571;0;0;0;0.071428571;0;0.071428571;0.071428571;0;0.142857143;0.071428571;0.071428571;0.142857143;0.071428571;0.071428571;0.071428571;0.071428571;0;0;0;0;0
PES20;185.9333333;4.966666667;71.51062743;100;0.470025046;-13.59666667;1.173833333;10.2835;0.220271122;11.25324111;TKIPAVFK;0;0;0;1.130348996;1.170137401;1.139909587;8;903.136;10.00054531;0.4;1.991810142;453.4247421;1.34;0.125;-0.175;1.5;1.375;3.5;-0.6475;6.869077091;0.25;0.085227273;41.3125;-0.1373;0.625;0.25;0;0.125;0.125;0;0;0;0.125;0;0;0.125;0.25;0;0;0;0.125;0;0;0;0.125;0.125;0;0;0;0
PES20;185.9333333;4.966666667;71.51062743;100;0.470025046;-13.59666667;1.173833333;10.2835;0.220271122;11.25324111;PMHI;0;0;0;2.696439775;2.47646046;2.449779647;4;496.634;7.170886803;0.4;0.098584953;5037.624734;1.74;0;241.7;1.75;1.5;3.5;-0.65;6.910775796;0.5;0.170454545;41.3275;0.0106;0.75;0.25;0;0;0;0;0;0;0;0;0.25;0.25;0;0;0.25;0;0.25;0;0;0;0;0;0;0;0;0
PES20;185.9333333;4.966666667;71.51062743;100;0.470025046;-13.59666667;1.173833333;10.2835;0.220271122;11.25324111;ALPMHI;0;0;0;0.614721521;0.612721978;0.588161773;6;680.873;6.786086845;1.2;0.096798501;7033.920887;3.42;0;196.5666667;1.5;1.166666667;3.166666667;-0.61;6.586398241;0.333333333;0.11827957;38.11833333;0.026583333;0.833333333;0.166666667;0;0;0.166666667;0;0;0;0;0;0.166666667;0.166666667;0;0.166666667;0.166666667;0;0.166666667;0;0;0;0;0;0;0;0;0
PES20;185.9333333;4.966666667;71.51062743;100;0.470025046;-13.59666667;1.173833333;10.2835;0.220271122;11.25324111;VGINYWLAHK;0;0;0;1.389117982;1.667974686;1.616820249;10;1200.41;8.56979847;0.11;1.095422645;1095.84187;3.01;0.2;9.18;1.5;1.6;3.6;-0.892;6.957201548;0.4;0.051724138;45.903;-0.11965;0.6;0.2;0;0.2;0.1;0;0;0;0;0.1;0.1;0.1;0.1;0.1;0;0.1;0;0;0;0;0;0.1;0.1;0.1;0;0
PES20;185.9333333;4.966666667;71.51062743;100;0.470025046;-13.59666667;1.173833333;10.2835;0.220271122;11.25324111;TKIPAVF;0;0;0;1.60980851;1.711451196;1.54249635;7;774.961;8.410110283;1.014285714;0.991963922;781.2390982;2.84;0.142857143;19.84285714;1.428571429;1.285714286;3.142857143;-0.658571429;6.649165385;0.285714286;0.093984962;39.34;-0.101742857;0.714285714;0.142857143;0;0.142857143;0.142857143;0;0;0;0.142857143;0;0;0.142857143;0.142857143;0;0;0;0.142857143;0;0;0;0.142857143;0.142857143;0;0;0;0
PES30;209.6666667;5.266666667;58.93982016;56.81718108;0.516738558;-17.38666667;0.967;7.364166667;0.24130012;11.57134153;YKKYLL;0;0;0;0;0;0;6;827.037;9.528249931;-0.466666667;1.990295091;415.534864;-0.36;0.333333333;8.333333333;1.833333333;1.833333333;4.5;-0.876666667;8.314135085;0.333333333;0.095238095;50.22;0.178183333;0.333333333;0.333333333;0;0.333333333;0;0;0;0;0;0;0;0;0.333333333;0.333333333;0;0;0;0;0;0;0;0;0;0.333333333;0.166666667;0
PES30;209.6666667;5.266666667;58.93982016;56.81718108;0.516738558;-17.38666667;0.967;7.364166667;0.24130012;11.57134153;PMHIR;0;0;0;0.657864652;0.651195532;0.675575052;5;652.823;10.18092785;-0.58;1.098573525;594.2460702;-0.79;0;195.36;1.8;2;4;-0.772;7.465518169;0.4;0.135714286;51.262;-0.241906;0.6;0.4;0;0;0;0;0;0;0;0;0.2;0.2;0;0;0.2;0;0.2;0;0.2;0;0;0;0;0;0;0
PES30;209.6666667;5.266666667;58.93982016;56.81718108;0.516738558;-17.38666667;0.967;7.364166667;0.24130012;11.57134153;ALPHMIR;0;0;0;0.652096784;0.671972118;0.695356602;7;837.062;9.800370979;0.385714286;1.096787073;763.1946262;0.89;0;36.08571429;1.571428571;1.571428571;3.571428571;-0.702857143;7.032365901;0.285714286;0.1003861;45.67285714;-0.156061429;0.714285714;0.285714286;0;0;0.142857143;0;0;0;0;0;0.142857143;0.142857143;0;0.142857143;0.142857143;0;0.142857143;0;0.142857143;0;0;0;0;0;0.285714286;0
PES30;209.6666667;5.266666667;58.93982016;56.81718108;0.516738558;-17.38666667;0.967;7.364166667;0.24130012;11.57134153;LIVTQTMK;0;0;0;0.36163445;0.312671837;0.393905716;8;933.184;8.750052071;0.7;0.997347388;935.6659587;1.71;0;-21.9;1.75;1.625;4;-0.5725;7.4275;0;0.097560976;47.07375;-0.3188375;0.5;0.125;0;0.375;0;0;0;0;0;0;0;0.125;0.125;0.125;0.125;0;0;0.125;0;0;0.25;0.125;0;0;0;0
PES30;209.6666667;5.266666667;58.93982016;56.81718108;0.516738558;-17.38666667;0.967;7.364166667;0.24130012;11.57134153; IPAVFK;0;0;0;0.641599429;0.647630548;0.680394206;6;673.856;8.750052071;1.3;0.997768041;675.3633837;2.89;0.166666667;10.58333333;1.333333333;1.166666667;3.166666667;-0.673333333;6.689326186;0.333333333;0.107843137;37.675;0.070366667;0.833333333;0.166666667;0;0;0.166666667;0;0;0;0.166666667;0;0;0.166666667;0.166666667;0;0;0;0.166666667;0;0;0;0;0.166666667;0;0;;
PES30;209.6666667;5.266666667;58.93982016;56.81718108;0.516738558;-17.38666667;0.967;7.364166667;0.24130012;11.57134153;ALPMHIRLSFNPTQ;0;0;0;0;0;0;14;1624.934;9.800370979;-0.057142857;1.096787073;1481.540073;1.4;0.071428571;82.51428571;1.571428571;1.5;3.5;-0.753571429;6.844394809;0.285714286;0.045988258;45.80428571;-0.384987857;0.571428571;0.142857143;0;0.285714286;0.071428571;0;0;0;0.071428571;0;0.071428571;0.071428571;0;0.142857143;0.071428571;0.071428571;0.142857143;0.071428571;0.071428571;0.071428571;0.071428571;0;0;0;0;0
PES30;209.6666667;5.266666667;58.93982016;56.81718108;0.516738558;-17.38666667;0.967;7.364166667;0.24130012;11.57134153;TKIPAVFK;0;0;0;0.942317205;0.978430368;0.960240354;8;903.136;10.00054531;0.4;1.991810142;453.4247421;1.34;0.125;-0.175;1.5;1.375;3.5;-0.6475;6.869077091;0.25;0.085227273;41.3125;-0.1373;0.625;0.25;0;0.125;0.125;0;0;0;0.125;0;0;0.125;0.25;0;0;0;0.125;0;0;0;0.125;0.125;0;0;0;0
PES30;209.6666667;5.266666667;58.93982016;56.81718108;0.516738558;-17.38666667;0.967;7.364166667;0.24130012;11.57134153;PMHI;0;0;0;0.646697214;0.623033265;0.655860384;4;496.634;7.170886803;0.4;0.098584953;5037.624734;1.74;0;241.7;1.75;1.5;3.5;-0.65;6.910775796;0.5;0.170454545;41.3275;0.0106;0.75;0.25;0;0;0;0;0;0;0;0;0.25;0.25;0;0;0.25;0;0.25;0;0;0;0;0;0;0;0;0
PES30;209.6666667;5.266666667;58.93982016;56.81718108;0.516738558;-17.38666667;0.967;7.364166667;0.24130012;11.57134153;ALPMHI;0;0;0;0.704114562;0.68396138;0.720244495;6;680.873;6.786086845;1.2;0.096798501;7033.920887;3.42;0;196.5666667;1.5;1.166666667;3.166666667;-0.61;6.586398241;0.333333333;0.11827957;38.11833333;0.026583333;0.833333333;0.166666667;0;0;0.166666667;0;0;0;0;0;0.166666667;0.166666667;0;0.166666667;0.166666667;0;0.166666667;0;0;0;0;0;0;0;0;0
PES30;209.6666667;5.266666667;58.93982016;56.81718108;0.516738558;-17.38666667;0.967;7.364166667;0.24130012;11.57134153;VGINYWLAHK;0;0;0;0.757527829;0.874519908;0.80836127;10;1200.41;8.56979847;0.11;1.095422645;1095.84187;3.01;0.2;9.18;1.5;1.6;3.6;-0.892;6.957201548;0.4;0.051724138;45.903;-0.11965;0.6;0.2;0;0.2;0.1;0;0;0;0;0.1;0.1;0.1;0.1;0.1;0;0.1;0;0;0;0;0;0.1;0.1;0.1;0;0
PES30;209.6666667;5.266666667;58.93982016;56.81718108;0.516738558;-17.38666667;0.967;7.364166667;0.24130012;11.57134153;TKIPAVF;0;0;0;0.83633475;0.918862649;0.905513065;7;774.961;8.410110283;1.014285714;0.991963922;781.2390982;2.84;0.142857143;19.84285714;1.428571429;1.285714286;3.142857143;-0.658571429;6.649165385;0.285714286;0.093984962;39.34;-0.101742857;0.714285714;0.142857143;0;0.142857143;0.142857143;0;0;0;0.142857143;0;0;0.142857143;0.142857143;0;0;0;0.142857143;0;0;0;0.142857143;0.142857143;0;0;0;0
PES50;202.6666667;6.4;79.16666667;83.71512497;0.515743825;-13.4289;1.002;9.044333333;0.248656834;17.54062951;YKKYLL;0;0;0;0.746427372;0.803960542;0.76295891;6;827.037;9.528249931;-0.466666667;1.990295091;415.534864;-0.36;0.333333333;8.333333333;1.833333333;1.833333333;4.5;-0.876666667;8.314135085;0.333333333;0.095238095;50.22;0.178183333;0.333333333;0.333333333;0;0.333333333;0;0;0;0;0;0;0;0;0.333333333;0.333333333;0;0;0;0;0;0;0;0;0;0.333333333;0.166666667;0
PES50;202.6666667;6.4;79.16666667;83.71512497;0.515743825;-13.4289;1.002;9.044333333;0.248656834;17.54062951;PMHIR;0;0;0;0.783014364;0.945223022;0.880224687;5;652.823;10.18092785;-0.58;1.098573525;594.2460702;-0.79;0;195.36;1.8;2;4;-0.772;7.465518169;0.4;0.135714286;51.262;-0.241906;0.6;0.4;0;0;0;0;0;0;0;0;0.2;0.2;0;0;0.2;0;0.2;0;0.2;0;0;0;0;0;0;0
PES50;202.6666667;6.4;79.16666667;83.71512497;0.515743825;-13.4289;1.002;9.044333333;0.248656834;17.54062951;ALPHMIR;0;0;0;0.761493116;0.963266354;0.896166977;7;837.062;9.800370979;0.385714286;1.096787073;763.1946262;0.89;0;36.08571429;1.571428571;1.571428571;3.571428571;-0.702857143;7.032365901;0.285714286;0.1003861;45.67285714;-0.156061429;0.714285714;0.285714286;0;0;0.142857143;0;0;0;0;0;0.142857143;0.142857143;0;0.142857143;0.142857143;0;0.142857143;0;0.142857143;0;0;0;0;0;0.285714286;0
PES50;202.6666667;6.4;79.16666667;83.71512497;0.515743825;-13.4289;1.002;9.044333333;0.248656834;17.54062951;LIVTQTMK;0;0;0;0.487881958;0.562841288;0.644465083;8;933.184;8.750052071;0.7;0.997347388;935.6659587;1.71;0;-21.9;1.75;1.625;4;-0.5725;7.4275;0;0.097560976;47.07375;-0.3188375;0.5;0.125;0;0.375;0;0;0;0;0;0;0;0.125;0.125;0.125;0.125;0;0;0.125;0;0;0.25;0.125;0;0;0;0
PES50;202.6666667;6.4;79.16666667;83.71512497;0.515743825;-13.4289;1.002;9.044333333;0.248656834;17.54062951; IPAVFK;0;0;0;0.787368648;0.95470239;0.881036274;6;673.856;8.750052071;1.3;0.997768041;675.3633837;2.89;0.166666667;10.58333333;1.333333333;1.166666667;3.166666667;-0.673333333;6.689326186;0.333333333;0.107843137;37.675;0.070366667;0.833333333;0.166666667;0;0;0.166666667;0;0;0;0.166666667;0;0;0.166666667;0.166666667;0;0;0;0.166666667;0;0;0;0;0.166666667;0;0;;
PES50;202.6666667;6.4;79.16666667;83.71512497;0.515743825;-13.4289;1.002;9.044333333;0.248656834;17.54062951;ALPMHIRLSFNPTQ;0;0;0;0;0;0;14;1624.934;9.800370979;-0.057142857;1.096787073;1481.540073;1.4;0.071428571;82.51428571;1.571428571;1.5;3.5;-0.753571429;6.844394809;0.285714286;0.045988258;45.80428571;-0.384987857;0.571428571;0.142857143;0;0.285714286;0.071428571;0;0;0;0.071428571;0;0.071428571;0.071428571;0;0.142857143;0.071428571;0.071428571;0.142857143;0.071428571;0.071428571;0.071428571;0.071428571;0;0;0;0;0
PES50;202.6666667;6.4;79.16666667;83.71512497;0.515743825;-13.4289;1.002;9.044333333;0.248656834;17.54062951;TKIPAVFK;0;0;0;1.003152185;1.123959113;1.02967851;8;903.136;10.00054531;0.4;1.991810142;453.4247421;1.34;0.125;-0.175;1.5;1.375;3.5;-0.6475;6.869077091;0.25;0.085227273;41.3125;-0.1373;0.625;0.25;0;0.125;0.125;0;0;0;0.125;0;0;0.125;0.25;0;0;0;0.125;0;0;0;0.125;0.125;0;0;0;0
PES50;202.6666667;6.4;79.16666667;83.71512497;0.515743825;-13.4289;1.002;9.044333333;0.248656834;17.54062951;PMHI;0;0;0;0.626339559;0.673137237;0.644594554;4;496.634;7.170886803;0.4;0.098584953;5037.624734;1.74;0;241.7;1.75;1.5;3.5;-0.65;6.910775796;0.5;0.170454545;41.3275;0.0106;0.75;0.25;0;0;0;0;0;0;0;0;0.25;0.25;0;0;0.25;0;0.25;0;0;0;0;0;0;0;0;0
PES50;202.6666667;6.4;79.16666667;83.71512497;0.515743825;-13.4289;1.002;9.044333333;0.248656834;17.54062951;ALPMHI;0;0;0;0.679594778;0.72384203;0.664555761;6;680.873;6.786086845;1.2;0.096798501;7033.920887;3.42;0;196.5666667;1.5;1.166666667;3.166666667;-0.61;6.586398241;0.333333333;0.11827957;38.11833333;0.026583333;0.833333333;0.166666667;0;0;0.166666667;0;0;0;0;0;0.166666667;0.166666667;0;0.166666667;0.166666667;0;0.166666667;0;0;0;0;0;0;0;0;0
PES50;202.6666667;6.4;79.16666667;83.71512497;0.515743825;-13.4289;1.002;9.044333333;0.248656834;17.54062951;VGINYWLAHK;0;0;0;1.034570532;1.137924793;1.2761463;10;1200.41;8.56979847;0.11;1.095422645;1095.84187;3.01;0.2;9.18;1.5;1.6;3.6;-0.892;6.957201548;0.4;0.051724138;45.903;-0.11965;0.6;0.2;0;0.2;0.1;0;0;0;0;0.1;0.1;0.1;0.1;0.1;0;0.1;0;0;0;0;0;0.1;0.1;0.1;0;0
PES50;202.6666667;6.4;79.16666667;83.71512497;0.515743825;-13.4289;1.002;9.044333333;0.248656834;17.54062951;TKIPAVF;0;0;0;0.734576832;0.815213741;0.703915033;7;774.961;8.410110283;1.014285714;0.991963922;781.2390982;2.84;0.142857143;19.84285714;1.428571429;1.285714286;3.142857143;-0.658571429;6.649165385;0.285714286;0.093984962;39.34;-0.101742857;0.714285714;0.142857143;0;0.142857143;0.142857143;0;0;0;0.142857143;0;0;0.142857143;0.142857143;0;0;0;0.142857143;0;0;0;0.142857143;0.142857143;0;0;0;0
PES100;186.5;5.7;69.67497746;82.42411279;0.534137395;-11.005;0.798833333;5.928833333;0.273402044;26.99930345;YKKYLL;0;0;0;1.188299731;1.221774267;1.69274634;6;827.037;9.528249931;-0.466666667;1.990295091;415.534864;-0.36;0.333333333;8.333333333;1.833333333;1.833333333;4.5;-0.876666667;8.314135085;0.333333333;0.095238095;50.22;0.178183333;0.333333333;0.333333333;0;0.333333333;0;0;0;0;0;0;0;0;0.333333333;0.333333333;0;0;0;0;0;0;0;0;0;0.333333333;0.166666667;0
PES100;186.5;5.7;69.67497746;82.42411279;0.534137395;-11.005;0.798833333;5.928833333;0.273402044;26.99930345;PMHIR;0;0;0;1.866231531;1.844067563;2.445560451;5;652.823;10.18092785;-0.58;1.098573525;594.2460702;-0.79;0;195.36;1.8;2;4;-0.772;7.465518169;0.4;0.135714286;51.262;-0.241906;0.6;0.4;0;0;0;0;0;0;0;0;0.2;0.2;0;0;0.2;0;0.2;0;0.2;0;0;0;0;0;0;0
PES100;186.5;5.7;69.67497746;82.42411279;0.534137395;-11.005;0.798833333;5.928833333;0.273402044;26.99930345;ALPHMIR;0;0;0;1.223429722;1.24593596;1.684333397;7;837.062;9.800370979;0.385714286;1.096787073;763.1946262;0.89;0;36.08571429;1.571428571;1.571428571;3.571428571;-0.702857143;7.032365901;0.285714286;0.1003861;45.67285714;-0.156061429;0.714285714;0.285714286;0;0;0.142857143;0;0;0;0;0;0.142857143;0.142857143;0;0.142857143;0.142857143;0;0.142857143;0;0.142857143;0;0;0;0;0;0.285714286;0
PES100;186.5;5.7;69.67497746;82.42411279;0.534137395;-11.005;0.798833333;5.928833333;0.273402044;26.99930345;LIVTQTMK;0;0;0;1.381177903;1.114152449;1.911821798;8;933.184;8.750052071;0.7;0.997347388;935.6659587;1.71;0;-21.9;1.75;1.625;4;-0.5725;7.4275;0;0.097560976;47.07375;-0.3188375;0.5;0.125;0;0.375;0;0;0;0;0;0;0;0.125;0.125;0.125;0.125;0;0;0.125;0;0;0.25;0.125;0;0;0;0
PES100;186.5;5.7;69.67497746;82.42411279;0.534137395;-11.005;0.798833333;5.928833333;0.273402044;26.99930345; IPAVFK;0;0;0;1.541245696;1.5353939;1.995889049;6;673.856;8.750052071;1.3;0.997768041;675.3633837;2.89;0.166666667;10.58333333;1.333333333;1.166666667;3.166666667;-0.673333333;6.689326186;0.333333333;0.107843137;37.675;0.070366667;0.833333333;0.166666667;0;0;0.166666667;0;0;0;0.166666667;0;0;0.166666667;0.166666667;0;0;0;0.166666667;0;0;0;0;0.166666667;0;0;;
PES100;186.5;5.7;69.67497746;82.42411279;0.534137395;-11.005;0.798833333;5.928833333;0.273402044;26.99930345;ALPMHIRLSFNPTQ;0;0;0;0;0;0;14;1624.934;9.800370979;-0.057142857;1.096787073;1481.540073;1.4;0.071428571;82.51428571;1.571428571;1.5;3.5;-0.753571429;6.844394809;0.285714286;0.045988258;45.80428571;-0.384987857;0.571428571;0.142857143;0;0.285714286;0.071428571;0;0;0;0.071428571;0;0.071428571;0.071428571;0;0.142857143;0.071428571;0.071428571;0.142857143;0.071428571;0.071428571;0.071428571;0.071428571;0;0;0;0;0
PES100;186.5;5.7;69.67497746;82.42411279;0.534137395;-11.005;0.798833333;5.928833333;0.273402044;26.99930345;TKIPAVFK;0;0;0;1.891294376;1.90020999;2.353376833;8;903.136;10.00054531;0.4;1.991810142;453.4247421;1.34;0.125;-0.175;1.5;1.375;3.5;-0.6475;6.869077091;0.25;0.085227273;41.3125;-0.1373;0.625;0.25;0;0.125;0.125;0;0;0;0.125;0;0;0.125;0.25;0;0;0;0.125;0;0;0;0.125;0.125;0;0;0;0
PES100;186.5;5.7;69.67497746;82.42411279;0.534137395;-11.005;0.798833333;5.928833333;0.273402044;26.99930345;PMHI;0;0;0;4.676223123;4.17438101;5.535941104;4;496.634;7.170886803;0.4;0.098584953;5037.624734;1.74;0;241.7;1.75;1.5;3.5;-0.65;6.910775796;0.5;0.170454545;41.3275;0.0106;0.75;0.25;0;0;0;0;0;0;0;0;0.25;0.25;0;0;0.25;0;0.25;0;0;0;0;0;0;0;0;0
PES100;186.5;5.7;69.67497746;82.42411279;0.534137395;-11.005;0.798833333;5.928833333;0.273402044;26.99930345;ALPMHI;0;0;0;1.067469889;1.05704463;1.370706293;6;680.873;6.786086845;1.2;0.096798501;7033.920887;3.42;0;196.5666667;1.5;1.166666667;3.166666667;-0.61;6.586398241;0.333333333;0.11827957;38.11833333;0.026583333;0.833333333;0.166666667;0;0;0.166666667;0;0;0;0;0;0.166666667;0.166666667;0;0.166666667;0.166666667;0;0.166666667;0;0;0;0;0;0;0;0;0
PES100;186.5;5.7;69.67497746;82.42411279;0.534137395;-11.005;0.798833333;5.928833333;0.273402044;26.99930345;VGINYWLAHK;0;0;0;2.296059174;2.478033035;3.014501415;10;1200.41;8.56979847;0.11;1.095422645;1095.84187;3.01;0.2;9.18;1.5;1.6;3.6;-0.892;6.957201548;0.4;0.051724138;45.903;-0.11965;0.6;0.2;0;0.2;0.1;0;0;0;0;0.1;0.1;0.1;0.1;0.1;0;0.1;0;0;0;0;0;0.1;0.1;0.1;0;0
PES100;186.5;5.7;69.67497746;82.42411279;0.534137395;-11.005;0.798833333;5.928833333;0.273402044;26.99930345;TKIPAVF;0;0;0;2.998877667;2.766985529;3.75649211;7;774.961;8.410110283;1.014285714;0.991963922;781.2390982;2.84;0.142857143;19.84285714;1.428571429;1.285714286;3.142857143;-0.658571429;6.649165385;0.285714286;0.093984962;39.34;-0.101742857;0.714285714;0.142857143;0;0.142857143;0.142857143;0;0;0;0.142857143;0;0;0.142857143;0.142857143;0;0;0;0.142857143;0;0;0;0.142857143;0.142857143;0;0;0;0
PES300;221.0666667;9.1;62.49208639;88.98672836;0.599384809;-11.18333333;1.2325;8.102166667;0.441205837;88.46952464;YKKYLL;0;0;0;0;0;0;6;827.037;9.528249931;-0.466666667;1.990295091;415.534864;-0.36;0.333333333;8.333333333;1.833333333;1.833333333;4.5;-0.876666667;8.314135085;0.333333333;0.095238095;50.22;0.178183333;0.333333333;0.333333333;0;0.333333333;0;0;0;0;0;0;0;0;0.333333333;0.333333333;0;0;0;0;0;0;0;0;0;0.333333333;0.166666667;0
PES300;221.0666667;9.1;62.49208639;88.98672836;0.599384809;-11.18333333;1.2325;8.102166667;0.441205837;88.46952464;PMHIR;0;0;0;2.34232999;3.005584022;2.357539977;5;652.823;10.18092785;-0.58;1.098573525;594.2460702;-0.79;0;195.36;1.8;2;4;-0.772;7.465518169;0.4;0.135714286;51.262;-0.241906;0.6;0.4;0;0;0;0;0;0;0;0;0.2;0.2;0;0;0.2;0;0.2;0;0.2;0;0;0;0;0;0;0
PES300;221.0666667;9.1;62.49208639;88.98672836;0.599384809;-11.18333333;1.2325;8.102166667;0.441205837;88.46952464;ALPHMIR;0;0;0;1.55960516;2.007497266;1.606332538;7;837.062;9.800370979;0.385714286;1.096787073;763.1946262;0.89;0;36.08571429;1.571428571;1.571428571;3.571428571;-0.702857143;7.032365901;0.285714286;0.1003861;45.67285714;-0.156061429;0.714285714;0.285714286;0;0;0.142857143;0;0;0;0;0;0.142857143;0.142857143;0;0.142857143;0.142857143;0;0.142857143;0;0.142857143;0;0;0;0;0;0.285714286;0
PES300;221.0666667;9.1;62.49208639;88.98672836;0.599384809;-11.18333333;1.2325;8.102166667;0.441205837;88.46952464;LIVTQTMK;0;0;0;1.955769502;2.495454087;1.886041553;8;933.184;8.750052071;0.7;0.997347388;935.6659587;1.71;0;-21.9;1.75;1.625;4;-0.5725;7.4275;0;0.097560976;47.07375;-0.3188375;0.5;0.125;0;0.375;0;0;0;0;0;0;0;0.125;0.125;0.125;0.125;0;0;0.125;0;0;0.25;0.125;0;0;0;0
PES300;221.0666667;9.1;62.49208639;88.98672836;0.599384809;-11.18333333;1.2325;8.102166667;0.441205837;88.46952464; IPAVFK;0;0;0;1.902503488;2.416457143;1.970410156;6;673.856;8.750052071;1.3;0.997768041;675.3633837;2.89;0.166666667;10.58333333;1.333333333;1.166666667;3.166666667;-0.673333333;6.689326186;0.333333333;0.107843137;37.675;0.070366667;0.833333333;0.166666667;0;0;0.166666667;0;0;0;0.166666667;0;0;0.166666667;0.166666667;0;0;0;0.166666667;0;0;0;0;0.166666667;0;0;;
PES300;221.0666667;9.1;62.49208639;88.98672836;0.599384809;-11.18333333;1.2325;8.102166667;0.441205837;88.46952464;ALPMHIRLSFNPTQ;0;0;0;0;0;0;14;1624.934;9.800370979;-0.057142857;1.096787073;1481.540073;1.4;0.071428571;82.51428571;1.571428571;1.5;3.5;-0.753571429;6.844394809;0.285714286;0.045988258;45.80428571;-0.384987857;0.571428571;0.142857143;0;0.285714286;0.071428571;0;0;0;0.071428571;0;0.071428571;0.071428571;0;0.142857143;0.071428571;0.071428571;0.142857143;0.071428571;0.071428571;0.071428571;0.071428571;0;0;0;0;0
PES300;221.0666667;9.1;62.49208639;88.98672836;0.599384809;-11.18333333;1.2325;8.102166667;0.441205837;88.46952464;TKIPAVFK;0;0;0;2.341436788;2.850684258;2.226755617;8;903.136;10.00054531;0.4;1.991810142;453.4247421;1.34;0.125;-0.175;1.5;1.375;3.5;-0.6475;6.869077091;0.25;0.085227273;41.3125;-0.1373;0.625;0.25;0;0.125;0.125;0;0;0;0.125;0;0;0.125;0.25;0;0;0;0.125;0;0;0;0.125;0.125;0;0;0;0
PES300;221.0666667;9.1;62.49208639;88.98672836;0.599384809;-11.18333333;1.2325;8.102166667;0.441205837;88.46952464;PMHI;0;0;0;5.824003384;7.272888128;5.705139098;4;496.634;7.170886803;0.4;0.098584953;5037.624734;1.74;0;241.7;1.75;1.5;3.5;-0.65;6.910775796;0.5;0.170454545;41.3275;0.0106;0.75;0.25;0;0;0;0;0;0;0;0;0.25;0.25;0;0;0.25;0;0.25;0;0;0;0;0;0;0;0;0
PES300;221.0666667;9.1;62.49208639;88.98672836;0.599384809;-11.18333333;1.2325;8.102166667;0.441205837;88.46952464;ALPMHI;0;0;0;1.412752529;1.796778194;1.347990642;6;680.873;6.786086845;1.2;0.096798501;7033.920887;3.42;0;196.5666667;1.5;1.166666667;3.166666667;-0.61;6.586398241;0.333333333;0.11827957;38.11833333;0.026583333;0.833333333;0.166666667;0;0;0.166666667;0;0;0;0;0;0.166666667;0.166666667;0;0.166666667;0.166666667;0;0.166666667;0;0;0;0;0;0;0;0;0
PES300;221.0666667;9.1;62.49208639;88.98672836;0.599384809;-11.18333333;1.2325;8.102166667;0.441205837;88.46952464;VGINYWLAHK;0;0;0;3.149686854;3.646743932;2.740390066;10;1200.41;8.56979847;0.11;1.095422645;1095.84187;3.01;0.2;9.18;1.5;1.6;3.6;-0.892;6.957201548;0.4;0.051724138;45.903;-0.11965;0.6;0.2;0;0.2;0.1;0;0;0;0;0.1;0.1;0.1;0.1;0.1;0;0.1;0;0;0;0;0;0.1;0.1;0.1;0;0
PES300;221.0666667;9.1;62.49208639;88.98672836;0.599384809;-11.18333333;1.2325;8.102166667;0.441205837;88.46952464;TKIPAVF;0;0;0;3.3871843;4.535060219;3.513723482;7;774.961;8.410110283;1.014285714;0.991963922;781.2390982;2.84;0.142857143;19.84285714;1.428571429;1.285714286;3.142857143;-0.658571429;6.649165385;0.285714286;0.093984962;39.34;-0.101742857;0.714285714;0.142857143;0;0.142857143;0.142857143;0;0;0;0.142857143;0;0;0.142857143;0.142857143;0;0;0;0.142857143;0;0;0;0.142857143;0.142857143;0;0;0;0
PVDF30;201;5.633333333;52.17951233;63.99694268;0.498021602;8.553166667;1.546166667;10.53516667;0.18225183;43.70422567;YKKYLL;0;0;0;0;0;0;6;827.037;9.528249931;-0.466666667;1.990295091;415.534864;-0.36;0.333333333;8.333333333;1.833333333;1.833333333;4.5;-0.876666667;8.314135085;0.333333333;0.095238095;50.22;0.178183333;0.333333333;0.333333333;0;0.333333333;0;0;0;0;0;0;0;0;0.333333333;0.333333333;0;0;0;0;0;0;0;0;0;0.333333333;0.166666667;0
PVDF30;201;5.633333333;52.17951233;63.99694268;0.498021602;8.553166667;1.546166667;10.53516667;0.18225183;43.70422567;PMHIR;0;0;0;0.446255937;0.492880645;0.414430249;5;652.823;10.18092785;-0.58;1.098573525;594.2460702;-0.79;0;195.36;1.8;2;4;-0.772;7.465518169;0.4;0.135714286;51.262;-0.241906;0.6;0.4;0;0;0;0;0;0;0;0;0.2;0.2;0;0;0.2;0;0.2;0;0.2;0;0;0;0;0;0;0
PVDF30;201;5.633333333;52.17951233;63.99694268;0.498021602;8.553166667;1.546166667;10.53516667;0.18225183;43.70422567;ALPHMIR;0;0;0;0.440887324;0.498362711;0.422275356;7;837.062;9.800370979;0.385714286;1.096787073;763.1946262;0.89;0;36.08571429;1.571428571;1.571428571;3.571428571;-0.702857143;7.032365901;0.285714286;0.1003861;45.67285714;-0.156061429;0.714285714;0.285714286;0;0;0.142857143;0;0;0;0;0;0.142857143;0.142857143;0;0.142857143;0.142857143;0;0.142857143;0;0.142857143;0;0;0;0;0;0.285714286;0
PVDF30;201;5.633333333;52.17951233;63.99694268;0.498021602;8.553166667;1.546166667;10.53516667;0.18225183;43.70422567;LIVTQTMK;0;0;0;0.28769652;0.166537667;0.125401846;8;933.184;8.750052071;0.7;0.997347388;935.6659587;1.71;0;-21.9;1.75;1.625;4;-0.5725;7.4275;0;0.097560976;47.07375;-0.3188375;0.5;0.125;0;0.375;0;0;0;0;0;0;0;0.125;0.125;0.125;0.125;0;0;0.125;0;0;0.25;0.125;0;0;0;0
PVDF30;201;5.633333333;52.17951233;63.99694268;0.498021602;8.553166667;1.546166667;10.53516667;0.18225183;43.70422567; IPAVFK;0;0;0;0.448179875;0.505275994;0.419847543;6;673.856;8.750052071;1.3;0.997768041;675.3633837;2.89;0.166666667;10.58333333;1.333333333;1.166666667;3.166666667;-0.673333333;6.689326186;0.333333333;0.107843137;37.675;0.070366667;0.833333333;0.166666667;0;0;0.166666667;0;0;0;0.166666667;0;0;0.166666667;0.166666667;0;0;0;0.166666667;0;0;0;0;0.166666667;0;0;;
PVDF30;201;5.633333333;52.17951233;63.99694268;0.498021602;8.553166667;1.546166667;10.53516667;0.18225183;43.70422567;ALPMHIRLSFNPTQ;0;0;0;0;0;0;14;1624.934;9.800370979;-0.057142857;1.096787073;1481.540073;1.4;0.071428571;82.51428571;1.571428571;1.5;3.5;-0.753571429;6.844394809;0.285714286;0.045988258;45.80428571;-0.384987857;0.571428571;0.142857143;0;0.285714286;0.071428571;0;0;0;0.071428571;0;0.071428571;0.071428571;0;0.142857143;0.071428571;0.071428571;0.142857143;0.071428571;0.071428571;0.071428571;0.071428571;0;0;0;0;0
PVDF30;201;5.633333333;52.17951233;63.99694268;0.498021602;8.553166667;1.546166667;10.53516667;0.18225183;43.70422567;TKIPAVFK;0;0;0;0.626452908;0.709242306;0.56927589;8;903.136;10.00054531;0.4;1.991810142;453.4247421;1.34;0.125;-0.175;1.5;1.375;3.5;-0.6475;6.869077091;0.25;0.085227273;41.3125;-0.1373;0.625;0.25;0;0.125;0.125;0;0;0;0.125;0;0;0.125;0.25;0;0;0;0.125;0;0;0;0.125;0.125;0;0;0;0
PVDF30;201;5.633333333;52.17951233;63.99694268;0.498021602;8.553166667;1.546166667;10.53516667;0.18225183;43.70422567;PMHI;0;0;0;0.458560205;0.508029694;0.377788436;4;496.634;7.170886803;0.4;0.098584953;5037.624734;1.74;0;241.7;1.75;1.5;3.5;-0.65;6.910775796;0.5;0.170454545;41.3275;0.0106;0.75;0.25;0;0;0;0;0;0;0;0;0.25;0.25;0;0;0.25;0;0.25;0;0;0;0;0;0;0;0;0
PVDF30;201;5.633333333;52.17951233;63.99694268;0.498021602;8.553166667;1.546166667;10.53516667;0.18225183;43.70422567;ALPMHI;0;0;0;0.509397727;0.582199005;0.425002891;6;680.873;6.786086845;1.2;0.096798501;7033.920887;3.42;0;196.5666667;1.5;1.166666667;3.166666667;-0.61;6.586398241;0.333333333;0.11827957;38.11833333;0.026583333;0.833333333;0.166666667;0;0;0.166666667;0;0;0;0;0;0.166666667;0.166666667;0;0.166666667;0.166666667;0;0.166666667;0;0;0;0;0;0;0;0;0
PVDF30;201;5.633333333;52.17951233;63.99694268;0.498021602;8.553166667;1.546166667;10.53516667;0.18225183;43.70422567;VGINYWLAHK;0;0;0;0.524689661;0.496079057;0.331077585;10;1200.41;8.56979847;0.11;1.095422645;1095.84187;3.01;0.2;9.18;1.5;1.6;3.6;-0.892;6.957201548;0.4;0.051724138;45.903;-0.11965;0.6;0.2;0;0.2;0.1;0;0;0;0;0.1;0.1;0.1;0.1;0.1;0;0.1;0;0;0;0;0;0.1;0.1;0.1;0;0
PVDF30;201;5.633333333;52.17951233;63.99694268;0.498021602;8.553166667;1.546166667;10.53516667;0.18225183;43.70422567;TKIPAVF;0;0;0;0.571264398;0.630522606;0.508171803;7;774.961;8.410110283;1.014285714;0.991963922;781.2390982;2.84;0.142857143;19.84285714;1.428571429;1.285714286;3.142857143;-0.658571429;6.649165385;0.285714286;0.093984962;39.34;-0.101742857;0.714285714;0.142857143;0;0.142857143;0.142857143;0;0;0;0.142857143;0;0;0.142857143;0.142857143;0;0;0;0.142857143;0;0;0;0.142857143;0.142857143;0;0;0;0
PVDF50;201.6666667;5.8;59.80119748;44.54795151;0.501805855;-20.67596667;2.080833333;15.39683333;0.178165611;67.69664799;YKKYLL;0;0;0;0;0;0;6;827.037;9.528249931;-0.466666667;1.990295091;415.534864;-0.36;0.333333333;8.333333333;1.833333333;1.833333333;4.5;-0.876666667;8.314135085;0.333333333;0.095238095;50.22;0.178183333;0.333333333;0.333333333;0;0.333333333;0;0;0;0;0;0;0;0;0.333333333;0.333333333;0;0;0;0;0;0;0;0;0;0.333333333;0.166666667;0
PVDF50;201.6666667;5.8;59.80119748;44.54795151;0.501805855;-20.67596667;2.080833333;15.39683333;0.178165611;67.69664799;PMHIR;0;0;0;0.801302989;0.922839574;0.861390348;5;652.823;10.18092785;-0.58;1.098573525;594.2460702;-0.79;0;195.36;1.8;2;4;-0.772;7.465518169;0.4;0.135714286;51.262;-0.241906;0.6;0.4;0;0;0;0;0;0;0;0;0.2;0.2;0;0;0.2;0;0.2;0;0.2;0;0;0;0;0;0;0
PVDF50;201.6666667;5.8;59.80119748;44.54795151;0.501805855;-20.67596667;2.080833333;15.39683333;0.178165611;67.69664799;ALPHMIR;0;0;0;0.782966765;0.916230124;0.861052837;7;837.062;9.800370979;0.385714286;1.096787073;763.1946262;0.89;0;36.08571429;1.571428571;1.571428571;3.571428571;-0.702857143;7.032365901;0.285714286;0.1003861;45.67285714;-0.156061429;0.714285714;0.285714286;0;0;0.142857143;0;0;0;0;0;0.142857143;0.142857143;0;0.142857143;0.142857143;0;0.142857143;0;0.142857143;0;0;0;0;0;0.285714286;0
PVDF50;201.6666667;5.8;59.80119748;44.54795151;0.501805855;-20.67596667;2.080833333;15.39683333;0.178165611;67.69664799;LIVTQTMK;0;0;0;0.495426252;0.573698195;0.561992417;8;933.184;8.750052071;0.7;0.997347388;935.6659587;1.71;0;-21.9;1.75;1.625;4;-0.5725;7.4275;0;0.097560976;47.07375;-0.3188375;0.5;0.125;0;0.375;0;0;0;0;0;0;0;0.125;0.125;0.125;0.125;0;0;0.125;0;0;0.25;0.125;0;0;0;0
PVDF50;201.6666667;5.8;59.80119748;44.54795151;0.501805855;-20.67596667;2.080833333;15.39683333;0.178165611;67.69664799; IPAVFK;0;0;0;0.771229965;0.8422804;0.836413471;6;673.856;8.750052071;1.3;0.997768041;675.3633837;2.89;0.166666667;10.58333333;1.333333333;1.166666667;3.166666667;-0.673333333;6.689326186;0.333333333;0.107843137;37.675;0.070366667;0.833333333;0.166666667;0;0;0.166666667;0;0;0;0.166666667;0;0;0.166666667;0.166666667;0;0;0;0.166666667;0;0;0;0;0.166666667;0;0;;
PVDF50;201.6666667;5.8;59.80119748;44.54795151;0.501805855;-20.67596667;2.080833333;15.39683333;0.178165611;67.69664799;ALPMHIRLSFNPTQ;0;0;0;0;0;0;14;1624.934;9.800370979;-0.057142857;1.096787073;1481.540073;1.4;0.071428571;82.51428571;1.571428571;1.5;3.5;-0.753571429;6.844394809;0.285714286;0.045988258;45.80428571;-0.384987857;0.571428571;0.142857143;0;0.285714286;0.071428571;0;0;0;0.071428571;0;0.071428571;0.071428571;0;0.142857143;0.071428571;0.071428571;0.142857143;0.071428571;0.071428571;0.071428571;0.071428571;0;0;0;0;0
PVDF50;201.6666667;5.8;59.80119748;44.54795151;0.501805855;-20.67596667;2.080833333;15.39683333;0.178165611;67.69664799;TKIPAVFK;0;0;0;1.112602582;1.263854785;1.178426415;8;903.136;10.00054531;0.4;1.991810142;453.4247421;1.34;0.125;-0.175;1.5;1.375;3.5;-0.6475;6.869077091;0.25;0.085227273;41.3125;-0.1373;0.625;0.25;0;0.125;0.125;0;0;0;0.125;0;0;0.125;0.25;0;0;0;0.125;0;0;0;0.125;0.125;0;0;0;0
PVDF50;201.6666667;5.8;59.80119748;44.54795151;0.501805855;-20.67596667;2.080833333;15.39683333;0.178165611;67.69664799;PMHI;0;0;0;0.810517422;0.874066864;0.827074995;4;496.634;7.170886803;0.4;0.098584953;5037.624734;1.74;0;241.7;1.75;1.5;3.5;-0.65;6.910775796;0.5;0.170454545;41.3275;0.0106;0.75;0.25;0;0;0;0;0;0;0;0;0.25;0.25;0;0;0.25;0;0.25;0;0;0;0;0;0;0;0;0
PVDF50;201.6666667;5.8;59.80119748;44.54795151;0.501805855;-20.67596667;2.080833333;15.39683333;0.178165611;67.69664799;ALPMHI;0;0;0;0.860257636;0.968789204;0.874516517;6;680.873;6.786086845;1.2;0.096798501;7033.920887;3.42;0;196.5666667;1.5;1.166666667;3.166666667;-0.61;6.586398241;0.333333333;0.11827957;38.11833333;0.026583333;0.833333333;0.166666667;0;0;0.166666667;0;0;0;0;0;0.166666667;0.166666667;0;0.166666667;0.166666667;0;0.166666667;0;0;0;0;0;0;0;0;0
PVDF50;201.6666667;5.8;59.80119748;44.54795151;0.501805855;-20.67596667;2.080833333;15.39683333;0.178165611;67.69664799;VGINYWLAHK;0;0;0;0;0;0;10;1200.41;8.56979847;0.11;1.095422645;1095.84187;3.01;0.2;9.18;1.5;1.6;3.6;-0.892;6.957201548;0.4;0.051724138;45.903;-0.11965;0.6;0.2;0;0.2;0.1;0;0;0;0;0.1;0.1;0.1;0.1;0.1;0;0.1;0;0;0;0;0;0.1;0.1;0.1;0;0
PVDF50;201.6666667;5.8;59.80119748;44.54795151;0.501805855;-20.67596667;2.080833333;15.39683333;0.178165611;67.69664799;TKIPAVF;0;0;0;1.051484464;1.171075428;1.098436853;7;774.961;8.410110283;1.014285714;0.991963922;781.2390982;2.84;0.142857143;19.84285714;1.428571429;1.285714286;3.142857143;-0.658571429;6.649165385;0.285714286;0.093984962;39.34;-0.101742857;0.714285714;0.142857143;0;0.142857143;0.142857143;0;0;0;0.142857143;0;0;0.142857143;0.142857143;0;0;0;0.142857143;0;0;0;0.142857143;0.142857143;0;0;0;0
PAN30;186;6.066666667;44.7871056;85.46880462;0.424932067;-13.13243333;1.751666667;13.0815;0.065566041;12.32860559;YKKYLL;0;0;0;0;0;0;6;827.037;9.528249931;-0.466666667;1.990295091;415.534864;-0.36;0.333333333;8.333333333;1.833333333;1.833333333;4.5;-0.876666667;8.314135085;0.333333333;0.095238095;50.22;0.178183333;0.333333333;0.333333333;0;0.333333333;0;0;0;0;0;0;0;0;0.333333333;0.333333333;0;0;0;0;0;0;0;0;0;0.333333333;0.166666667;0
PAN30;186;6.066666667;44.7871056;85.46880462;0.424932067;-13.13243333;1.751666667;13.0815;0.065566041;12.32860559;PMHIR;0;0;0;0.76141366;0.806682162;0.890486955;5;652.823;10.18092785;-0.58;1.098573525;594.2460702;-0.79;0;195.36;1.8;2;4;-0.772;7.465518169;0.4;0.135714286;51.262;-0.241906;0.6;0.4;0;0;0;0;0;0;0;0;0.2;0.2;0;0;0.2;0;0.2;0;0.2;0;0;0;0;0;0;0
PAN30;186;6.066666667;44.7871056;85.46880462;0.424932067;-13.13243333;1.751666667;13.0815;0.065566041;12.32860559;ALPHMIR;0;0;0;0.763011034;0.829913609;0.916659793;7;837.062;9.800370979;0.385714286;1.096787073;763.1946262;0.89;0;36.08571429;1.571428571;1.571428571;3.571428571;-0.702857143;7.032365901;0.285714286;0.1003861;45.67285714;-0.156061429;0.714285714;0.285714286;0;0;0.142857143;0;0;0;0;0;0.142857143;0.142857143;0;0.142857143;0.142857143;0;0.142857143;0;0.142857143;0;0;0;0;0;0.285714286;0
PAN30;186;6.066666667;44.7871056;85.46880462;0.424932067;-13.13243333;1.751666667;13.0815;0.065566041;12.32860559;LIVTQTMK;0;0;0;0.538879084;0.595513121;0.655881025;8;933.184;8.750052071;0.7;0.997347388;935.6659587;1.71;0;-21.9;1.75;1.625;4;-0.5725;7.4275;0;0.097560976;47.07375;-0.3188375;0.5;0.125;0;0.375;0;0;0;0;0;0;0;0.125;0.125;0.125;0.125;0;0;0.125;0;0;0.25;0.125;0;0;0;0
PAN30;186;6.066666667;44.7871056;85.46880462;0.424932067;-13.13243333;1.751666667;13.0815;0.065566041;12.32860559; IPAVFK;0;0;0;0.731662915;0.802637733;0.846287004;6;673.856;8.750052071;1.3;0.997768041;675.3633837;2.89;0.166666667;10.58333333;1.333333333;1.166666667;3.166666667;-0.673333333;6.689326186;0.333333333;0.107843137;37.675;0.070366667;0.833333333;0.166666667;0;0;0.166666667;0;0;0;0.166666667;0;0;0.166666667;0.166666667;0;0;0;0.166666667;0;0;0;0;0.166666667;0;0;;
PAN30;186;6.066666667;44.7871056;85.46880462;0.424932067;-13.13243333;1.751666667;13.0815;0.065566041;12.32860559;ALPMHIRLSFNPTQ;0;0;0;0;0;0;14;1624.934;9.800370979;-0.057142857;1.096787073;1481.540073;1.4;0.071428571;82.51428571;1.571428571;1.5;3.5;-0.753571429;6.844394809;0.285714286;0.045988258;45.80428571;-0.384987857;0.571428571;0.142857143;0;0.285714286;0.071428571;0;0;0;0.071428571;0;0.071428571;0.071428571;0;0.142857143;0.071428571;0.071428571;0.142857143;0.071428571;0.071428571;0.071428571;0.071428571;0;0;0;0;0
PAN30;186;6.066666667;44.7871056;85.46880462;0.424932067;-13.13243333;1.751666667;13.0815;0.065566041;12.32860559;TKIPAVFK;0;0;0;1.086851431;1.133462543;1.181968938;8;903.136;10.00054531;0.4;1.991810142;453.4247421;1.34;0.125;-0.175;1.5;1.375;3.5;-0.6475;6.869077091;0.25;0.085227273;41.3125;-0.1373;0.625;0.25;0;0.125;0.125;0;0;0;0.125;0;0;0.125;0.25;0;0;0;0.125;0;0;0;0.125;0.125;0;0;0;0
PAN30;186;6.066666667;44.7871056;85.46880462;0.424932067;-13.13243333;1.751666667;13.0815;0.065566041;12.32860559;PMHI;0;0;0;0.723966018;0.750541874;0.774180677;4;496.634;7.170886803;0.4;0.098584953;5037.624734;1.74;0;241.7;1.75;1.5;3.5;-0.65;6.910775796;0.5;0.170454545;41.3275;0.0106;0.75;0.25;0;0;0;0;0;0;0;0;0.25;0.25;0;0;0.25;0;0.25;0;0;0;0;0;0;0;0;0
PAN30;186;6.066666667;44.7871056;85.46880462;0.424932067;-13.13243333;1.751666667;13.0815;0.065566041;12.32860559;ALPMHI;0;0;0;0.734219282;0.836904221;0.818101692;6;680.873;6.786086845;1.2;0.096798501;7033.920887;3.42;0;196.5666667;1.5;1.166666667;3.166666667;-0.61;6.586398241;0.333333333;0.11827957;38.11833333;0.026583333;0.833333333;0.166666667;0;0;0.166666667;0;0;0;0;0;0.166666667;0.166666667;0;0.166666667;0.166666667;0;0.166666667;0;0;0;0;0;0;0;0;0
PAN30;186;6.066666667;44.7871056;85.46880462;0.424932067;-13.13243333;1.751666667;13.0815;0.065566041;12.32860559;VGINYWLAHK;0;0;0;0.895531729;0.965463102;0.972213345;10;1200.41;8.56979847;0.11;1.095422645;1095.84187;3.01;0.2;9.18;1.5;1.6;3.6;-0.892;6.957201548;0.4;0.051724138;45.903;-0.11965;0.6;0.2;0;0.2;0.1;0;0;0;0;0.1;0.1;0.1;0.1;0.1;0;0.1;0;0;0;0;0;0.1;0.1;0.1;0;0
PAN30;186;6.066666667;44.7871056;85.46880462;0.424932067;-13.13243333;1.751666667;13.0815;0.065566041;12.32860559;TKIPAVF;0;0;0;0.940991769;0.994299393;1.008176786;7;774.961;8.410110283;1.014285714;0.991963922;781.2390982;2.84;0.142857143;19.84285714;1.428571429;1.285714286;3.142857143;-0.658571429;6.649165385;0.285714286;0.093984962;39.34;-0.101742857;0.714285714;0.142857143;0;0.142857143;0.142857143;0;0;0;0.142857143;0;0;0.142857143;0.142857143;0;0;0;0.142857143;0;0;0;0.142857143;0.142857143;0;0;0;0
PAN50;192.3333333;4.666666667;12.01964269;100;0.514638345;-18.97923333;1.2795;8.579666667;0.389305755;66.61719292;YKKYLL;0;0;0;0;0;0;6;827.037;9.528249931;-0.466666667;1.990295091;415.534864;-0.36;0.333333333;8.333333333;1.833333333;1.833333333;4.5;-0.876666667;8.314135085;0.333333333;0.095238095;50.22;0.178183333;0.333333333;0.333333333;0;0.333333333;0;0;0;0;0;0;0;0;0.333333333;0.333333333;0;0;0;0;0;0;0;0;0;0.333333333;0.166666667;0
PAN50;192.3333333;4.666666667;12.01964269;100;0.514638345;-18.97923333;1.2795;8.579666667;0.389305755;66.61719292;PMHIR;0;0;0;0.814463198;1.415336845;1.295420031;5;652.823;10.18092785;-0.58;1.098573525;594.2460702;-0.79;0;195.36;1.8;2;4;-0.772;7.465518169;0.4;0.135714286;51.262;-0.241906;0.6;0.4;0;0;0;0;0;0;0;0;0.2;0.2;0;0;0.2;0;0.2;0;0.2;0;0;0;0;0;0;0
PAN50;192.3333333;4.666666667;12.01964269;100;0.514638345;-18.97923333;1.2795;8.579666667;0.389305755;66.61719292;ALPHMIR;0;0;0;0.794947349;1.411750353;1.310226451;7;837.062;9.800370979;0.385714286;1.096787073;763.1946262;0.89;0;36.08571429;1.571428571;1.571428571;3.571428571;-0.702857143;7.032365901;0.285714286;0.1003861;45.67285714;-0.156061429;0.714285714;0.285714286;0;0;0.142857143;0;0;0;0;0;0.142857143;0.142857143;0;0.142857143;0.142857143;0;0.142857143;0;0.142857143;0;0;0;0;0;0.285714286;0
PAN50;192.3333333;4.666666667;12.01964269;100;0.514638345;-18.97923333;1.2795;8.579666667;0.389305755;66.61719292;LIVTQTMK;0;0;0;0.747667464;1.242618554;1.095018242;8;933.184;8.750052071;0.7;0.997347388;935.6659587;1.71;0;-21.9;1.75;1.625;4;-0.5725;7.4275;0;0.097560976;47.07375;-0.3188375;0.5;0.125;0;0.375;0;0;0;0;0;0;0;0.125;0.125;0.125;0.125;0;0;0.125;0;0;0.25;0.125;0;0;0;0
PAN50;192.3333333;4.666666667;12.01964269;100;0.514638345;-18.97923333;1.2795;8.579666667;0.389305755;66.61719292; IPAVFK;0;0;0;0.825742717;1.356858548;1.281364787;6;673.856;8.750052071;1.3;0.997768041;675.3633837;2.89;0.166666667;10.58333333;1.333333333;1.166666667;3.166666667;-0.673333333;6.689326186;0.333333333;0.107843137;37.675;0.070366667;0.833333333;0.166666667;0;0;0.166666667;0;0;0;0.166666667;0;0;0.166666667;0.166666667;0;0;0;0.166666667;0;0;0;0;0.166666667;0;0;;
PAN50;192.3333333;4.666666667;12.01964269;100;0.514638345;-18.97923333;1.2795;8.579666667;0.389305755;66.61719292;ALPMHIRLSFNPTQ;0;0;0;0;0;0;14;1624.934;9.800370979;-0.057142857;1.096787073;1481.540073;1.4;0.071428571;82.51428571;1.571428571;1.5;3.5;-0.753571429;6.844394809;0.285714286;0.045988258;45.80428571;-0.384987857;0.571428571;0.142857143;0;0.285714286;0.071428571;0;0;0;0.071428571;0;0.071428571;0.071428571;0;0.142857143;0.071428571;0.071428571;0.142857143;0.071428571;0.071428571;0.071428571;0.071428571;0;0;0;0;0
PAN50;192.3333333;4.666666667;12.01964269;100;0.514638345;-18.97923333;1.2795;8.579666667;0.389305755;66.61719292;TKIPAVFK;0;0;0;1.095226174;1.906214676;1.686249877;8;903.136;10.00054531;0.4;1.991810142;453.4247421;1.34;0.125;-0.175;1.5;1.375;3.5;-0.6475;6.869077091;0.25;0.085227273;41.3125;-0.1373;0.625;0.25;0;0.125;0.125;0;0;0;0.125;0;0;0.125;0.25;0;0;0;0.125;0;0;0;0.125;0.125;0;0;0;0
PAN50;192.3333333;4.666666667;12.01964269;100;0.514638345;-18.97923333;1.2795;8.579666667;0.389305755;66.61719292;PMHI;0;0;0;0.806561496;1.426776071;1.301804501;4;496.634;7.170886803;0.4;0.098584953;5037.624734;1.74;0;241.7;1.75;1.5;3.5;-0.65;6.910775796;0.5;0.170454545;41.3275;0.0106;0.75;0.25;0;0;0;0;0;0;0;0;0.25;0.25;0;0;0.25;0;0.25;0;0;0;0;0;0;0;0;0
PAN50;192.3333333;4.666666667;12.01964269;100;0.514638345;-18.97923333;1.2795;8.579666667;0.389305755;66.61719292;ALPMHI;0;0;0;0.809934335;1.464206708;1.354531658;6;680.873;6.786086845;1.2;0.096798501;7033.920887;3.42;0;196.5666667;1.5;1.166666667;3.166666667;-0.61;6.586398241;0.333333333;0.11827957;38.11833333;0.026583333;0.833333333;0.166666667;0;0;0.166666667;0;0;0;0;0;0.166666667;0.166666667;0;0.166666667;0.166666667;0;0.166666667;0;0;0;0;0;0;0;0;0
PAN50;192.3333333;4.666666667;12.01964269;100;0.514638345;-18.97923333;1.2795;8.579666667;0.389305755;66.61719292;VGINYWLAHK;0;0;0;0.937751367;1.923424206;1.707859775;10;1200.41;8.56979847;0.11;1.095422645;1095.84187;3.01;0.2;9.18;1.5;1.6;3.6;-0.892;6.957201548;0.4;0.051724138;45.903;-0.11965;0.6;0.2;0;0.2;0.1;0;0;0;0;0.1;0.1;0.1;0.1;0.1;0;0.1;0;0;0;0;0;0.1;0.1;0.1;0;0
PAN50;192.3333333;4.666666667;12.01964269;100;0.514638345;-18.97923333;1.2795;8.579666667;0.389305755;66.61719292;TKIPAVF;0;0;0;1.027973688;1.738542042;1.553587529;7;774.961;8.410110283;1.014285714;0.991963922;781.2390982;2.84;0.142857143;19.84285714;1.428571429;1.285714286;3.142857143;-0.658571429;6.649165385;0.285714286;0.093984962;39.34;-0.101742857;0.714285714;0.142857143;0;0.142857143;0.142857143;0;0;0;0.142857143;0;0;0.142857143;0.142857143;0;0;0;0.142857143;0;0;0;0.142857143;0.142857143;0;0;0;0
